Date		1	2	3	4	5	6	7	8	9	10	11	12	13	14	15	16	17	18	19	20	21	22	23	24	25	26	27	28	29	30	31	32	33	34	35	36	37	38	39	40	41	42	43	44	45	46	47	48	49	50
13/02/2004	-	-	-	-	-	-	-	-	-	-	-	-	-	-	-	■	-	-	-	-	-	-	-	-	-	-	-	-	■	-	-	■	-	-	-	■	-	-	-	-	■	-	-	-	-	-	-	-	-	-
20/02/2004	-	-	-	-	-	-	■	-	-	-	-	-	■	-	-	-	-	-	-	-	-	-	-	-	-	-	-	-	-	-	-	-	-	-	-	-	-	-	■	-	-	-	-	-	-	-	■	-	-	■
27/02/2004	-	-	-	-	-	-	-	-	-	-	-	-	-	■	-	-	-	■	■	-	-	-	-	-	-	-	-	-	-	-	■	-	-	-	-	-	■	-	-	-	-	-	-	-	-	-	-	-	-	-
05/03/2004	-	-	-	■	-	-	■	-	-	-	-	-	-	-	-	-	-	-	-	-	-	-	-	-	-	-	-	-	-	-	-	-	■	-	-	-	■	-	■	-	-	-	-	-	-	-	-	-	-	-
12/03/2004	-	-	-	-	-	-	-	-	-	-	-	-	-	-	■	-	-	-	-	-	-	-	-	■	-	-	-	■	-	-	-	-	-	-	-	-	-	-	-	-	-	-	-	■	-	-	■	-	-	-
19/03/2004	-	-	-	-	-	-	-	-	-	-	-	-	-	-	-	-	-	-	-	-	-	-	-	-	-	-	-	-	-	-	-	-	■	-	-	■	■	-	-	-	-	■	-	-	■	-	-	-	-	-
26/03/2004	-	-	■	■	-	-	-	-	-	■	-	-	-	-	-	-	-	-	-	-	-	-	■	-	-	-	-	-	-	-	-	-	-	-	-	-	-	-	-	-	-	-	■	-	-	-	-	-	-	-
02/04/2004	-	-	-	■	-	-	-	-	-	-	-	■	-	-	-	-	-	-	-	-	-	-	-	■	-	-	■	-	-	-	-	-	-	-	-	■	-	-	-	-	-	-	-	-	-	-	-	-	-	-
09/04/2004	■	-	-	■	-	-	-	-	-	■	-	-	-	-	-	-	-	-	■	-	-	-	■	-	-	-	-	-	-	-	-	-	-	-	-	-	-	-	-	-	-	-	-	-	-	-	-	-	-	-
16/04/2004	-	-	-	-	-	-	-	-	-	-	-	-	-	■	■	-	-	-	-	-	-	-	-	-	-	-	-	■	-	-	-	-	-	-	■	-	-	-	-	■	-	-	-	-	-	-	-	-	-	-
23/04/2004	-	-	-	-	-	■	-	-	-	■	-	-	-	-	-	-	-	-	-	-	■	-	-	-	-	-	-	-	-	-	-	-	-	-	-	-	-	-	-	-	-	-	-	-	■	-	-	-	■	-
30/04/2004	-	-	-	-	■	■	-	-	-	-	-	-	-	-	-	■	-	-	-	-	-	-	■	-	-	-	■	-	-	-	-	-	-	-	-	-	-	-	-	-	-	-	-	-	-	-	-	-	-	-
07/05/2004	-	-	-	-	-	-	-	-	-	-	-	-	-	-	■	■	-	-	-	-	■	-	-	-	-	-	-	-	-	-	-	-	-	-	-	■	-	■	-	-	-	-	-	-	-	-	-	-	-	-
14/05/2004	■	-	■	-	-	-	-	-	-	-	-	-	-	-	-	-	-	-	-	-	■	-	-	-	-	-	-	-	-	-	-	■	-	-	-	-	-	-	■	-	-	-	-	-	-	-	-	-	-	-
21/05/2004	-	-	-	-	-	-	-	-	-	-	-	-	-	-	■	-	-	-	-	-	-	-	-	-	-	-	-	-	■	-	-	-	-	-	-	-	■	-	■	-	-	-	-	-	-	-	-	-	■	-
28/05/2004	-	-	-	-	-	■	-	-	-	-	■	-	-	-	-	-	-	-	-	-	-	-	-	-	-	-	-	-	-	-	-	-	-	-	■	-	-	-	-	-	■	-	-	■	-	-	-	-	-	-
04/06/2004	-	-	-	-	-	-	-	-	■	-	-	-	■	-	-	-	-	-	-	-	-	-	-	-	-	-	-	-	-	-	-	-	-	■	-	-	-	-	-	-	■	■	-	-	-	-	-	-	-	-
11/06/2004	-	■	-	-	-	-	■	■	-	■	-	-	-	-	-	-	-	-	-	-	-	-	-	-	-	-	-	-	-	-	-	-	-	-	-	-	-	-	-	-	-	-	-	-	-	-	■	-	-	-
18/06/2004	-	■	-	-	-	-	-	-	-	-	-	-	-	-	-	-	-	-	-	-	-	-	■	-	-	-	-	■	-	-	-	-	-	-	-	-	-	-	-	■	-	-	■	-	-	-	-	-	-	-
25/06/2004	-	-	■	-	-	-	-	-	-	-	-	-	-	-	-	-	-	-	-	-	■	-	-	-	-	-	-	-	-	■	-	-	-	■	■	-	-	-	-	-	-	-	-	-	-	-	-	-	-	-
02/07/2004	-	-	-	■	-	-	-	-	-	-	-	-	-	-	-	-	-	-	-	-	-	-	■	■	-	-	-	■	-	-	-	-	-	■	-	-	-	-	-	-	-	-	-	-	-	-	-	-	-	-
09/07/2004	-	■	-	-	■	-	-	-	-	-	-	■	-	-	-	-	-	-	■	-	-	-	-	-	-	-	-	-	-	-	-	-	-	-	-	-	-	-	-	-	-	-	-	■	-	-	-	-	-	-
16/07/2004	-	-	-	-	-	-	-	-	-	-	-	-	-	-	-	-	-	-	-	-	-	-	-	■	-	■	-	-	-	-	■	-	-	-	-	-	-	■	-	-	-	-	-	-	-	-	-	-	-	■
23/07/2004	-	-	-	-	-	-	■	-	-	■	-	-	-	-	-	-	-	-	-	-	-	-	-	-	-	-	■	-	-	-	■	-	-	■	-	-	-	-	-	-	-	-	-	-	-	-	-	-	-	-
30/07/2004	-	-	-	-	-	-	-	-	■	■	-	-	-	-	-	-	-	-	■	-	-	-	-	-	-	-	-	-	-	-	-	-	-	-	-	-	■	-	-	-	-	-	-	-	-	-	-	-	-	■
06/08/2004	-	-	-	-	■	-	-	-	-	-	-	-	-	-	■	-	-	-	-	-	-	-	-	■	-	-	-	-	-	-	-	-	-	-	■	-	-	-	-	-	-	-	-	■	-	-	-	-	-	-
13/08/2004	-	-	-	-	-	-	-	-	-	-	-	-	-	-	-	-	-	-	-	■	-	-	-	-	-	-	■	-	-	-	-	-	-	-	-	-	-	-	-	-	■	-	■	-	-	-	-	-	-	■
20/08/2004	-	-	-	-	-	■	-	-	■	■	-	-	-	-	-	-	-	-	-	-	-	-	-	-	-	-	■	-	-	-	-	-	-	-	■	-	-	-	-	-	-	-	-	-	-	-	-	-	-	-
27/08/2004	■	-	-	-	-	-	-	-	-	-	■	-	-	-	-	-	-	-	-	-	-	■	-	-	-	-	-	■	-	-	-	-	-	-	-	-	-	-	-	-	-	-	-	■	-	-	-	-	-	-
03/09/2004	-	-	-	-	-	-	-	■	-	-	-	■	-	■	■	-	-	-	-	-	-	-	-	-	-	-	-	-	-	-	-	-	-	■	-	-	-	-	-	-	-	-	-	-	-	-	-	-	-	-
10/09/2004	-	-	-	-	■	-	-	-	-	-	-	-	-	-	-	-	-	-	-	-	-	-	-	-	■	-	-	-	-	-	-	-	■	-	-	■	-	■	-	-	-	-	-	-	-	-	-	-	-	-
17/09/2004	-	-	-	-	-	-	-	-	-	-	-	-	-	-	■	-	-	■	-	-	-	-	-	-	-	-	-	-	■	-	-	-	-	-	-	-	-	-	■	-	■	-	-	-	-	-	-	-	-	-
24/09/2004	-	-	-	-	-	-	-	-	-	-	-	-	-	-	-	-	-	-	-	-	■	-	-	-	-	■	■	-	-	-	-	-	-	-	-	-	-	-	-	-	-	-	-	■	-	-	-	■	-	-
01/10/2004	-	-	-	-	-	-	-	-	-	-	-	■	-	-	-	-	-	-	-	■	■	-	-	-	-	-	-	-	-	-	-	-	-	-	-	-	-	-	-	-	-	-	-	-	■	-	-	■	-	-
08/10/2004	■	-	-	-	-	-	-	-	-	■	-	■	-	-	-	■	-	-	-	-	-	-	-	-	-	-	-	-	-	-	-	-	-	-	-	-	-	-	-	-	-	-	-	-	-	-	-	■	-	-
15/10/2004	-	-	-	-	-	-	-	-	-	-	-	-	-	■	-	-	-	-	-	-	■	■	-	-	-	-	-	-	-	-	-	-	-	-	-	-	■	-	-	-	-	-	■	-	-	-	-	-	-	-
22/10/2004	■	-	-	-	-	-	-	-	■	-	-	-	-	-	-	-	-	-	-	-	-	-	■	-	■	-	-	-	-	-	-	-	-	-	-	-	-	-	-	■	-	-	-	-	-	-	-	-	-	-
29/10/2004	■	-	-	-	-	-	-	■	-	-	-	-	-	-	-	-	-	-	-	-	-	-	-	-	-	-	-	-	-	-	-	■	-	-	■	-	-	■	-	-	-	-	-	-	-	-	-	-	-	-
05/11/2004	-	-	-	-	-	■	-	-	-	-	-	-	-	-	-	-	-	-	■	-	-	-	-	-	■	-	-	-	-	-	-	-	-	-	-	-	-	-	-	-	-	■	-	-	-	-	-	-	■	-
12/11/2004	-	-	-	■	-	-	-	-	-	-	■	■	■	-	-	-	-	-	-	-	-	-	-	-	-	-	-	-	-	-	-	■	-	-	-	-	-	-	-	-	-	-	-	-	-	-	-	-	-	-
19/11/2004	■	-	-	-	-	-	-	-	-	-	-	-	-	-	-	-	-	■	-	-	-	-	-	-	-	-	-	-	■	-	-	-	-	■	-	-	■	-	-	-	-	-	-	-	-	-	-	-	-	-
26/11/2004	■	-	-	■	-	-	-	-	-	-	-	-	-	-	-	-	-	-	-	-	-	-	-	■	-	-	-	-	-	-	-	-	-	■	-	■	-	-	-	-	-	-	-	-	-	-	-	-	-	-
03/12/2004	■	-	-	-	-	-	-	-	-	-	■	-	-	-	■	-	-	-	-	-	-	-	-	-	-	-	-	-	-	-	-	-	-	-	-	-	-	-	-	-	-	■	-	-	-	-	-	-	■	-
10/12/2004	■	-	■	-	-	-	-	-	-	-	-	-	■	-	-	■	-	-	-	-	-	-	-	-	-	-	-	-	-	-	-	-	-	-	-	-	-	-	-	-	-	-	■	-	-	-	-	-	-	-
17/12/2004	-	-	-	-	-	-	-	-	-	-	-	-	-	-	■	-	-	-	■	-	-	■	-	-	-	-	-	-	-	-	-	-	-	-	-	-	-	-	-	-	-	-	-	-	-	■	-	-	■	-
24/12/2004	-	-	■	■	-	-	-	-	-	-	-	-	-	-	-	-	-	-	-	-	-	-	-	-	-	-	■	-	■	-	-	-	-	-	-	-	■	-	-	-	-	-	-	-	-	-	-	-	-	-
31/12/2004	-	-	-	-	-	-	■	■	-	-	-	-	-	-	-	-	-	-	-	-	-	-	-	■	■	-	-	-	-	-	-	-	-	-	-	-	-	-	-	-	-	-	-	-	-	-	■	-	-	-
07/01/2005	-	-	■	-	-	-	-	-	-	-	-	-	-	-	-	-	-	-	-	-	-	-	■	-	-	-	■	-	-	-	-	-	-	-	-	-	-	-	-	-	-	-	-	-	-	-	■	-	-	■
14/01/2005	-	-	-	-	-	■	-	-	-	-	■	-	-	■	-	-	-	-	■	-	-	-	-	-	-	-	-	-	■	-	-	-	-	-	-	-	-	-	-	-	-	-	-	-	-	-	-	-	-	-
21/01/2005	-	-	-	-	-	-	-	-	-	■	-	■	-	■	-	-	-	-	-	-	-	-	-	■	-	■	-	-	-	-	-	-	-	-	-	-	-	-	-	-	-	-	-	-	-	-	-	-	-	-
28/01/2005	-	-	-	-	-	-	■	-	-	-	-	-	-	-	-	-	-	-	-	-	■	-	-	-	-	■	-	-	-	-	-	-	-	-	-	-	-	-	-	-	-	-	■	-	■	-	-	-	-	-
04/02/2005	■	-	-	-	-	-	-	■	-	-	■	-	-	-	-	-	-	-	-	-	-	-	-	-	-	-	-	-	-	■	-	-	-	-	-	-	-	-	-	■	-	-	-	-	-	-	-	-	-	-
11/02/2005	-	-	-	-	-	-	-	-	-	-	■	-	■	-	-	-	-	-	-	-	-	-	-	-	■	-	-	-	-	-	-	■	-	-	-	-	-	-	-	-	-	-	-	-	-	-	-	-	-	■
18/02/2005	-	-	-	-	-	-	-	-	-	-	-	-	-	-	-	-	-	-	-	■	■	-	-	-	-	■	-	-	-	-	-	■	-	-	-	-	-	-	-	-	-	-	-	-	-	■	-	-	-	-
25/02/2005	-	-	■	-	-	-	-	-	-	-	-	-	-	-	-	-	-	-	-	-	-	-	-	-	-	-	■	-	-	■	-	-	-	-	-	-	-	-	-	-	-	-	■	■	-	-	-	-	-	-
04/03/2005	-	-	-	-	-	-	-	-	-	-	-	■	-	-	-	-	-	-	-	-	-	-	-	■	-	-	-	-	-	-	-	■	-	-	-	-	■	-	■	-	-	-	-	-	-	-	-	-	-	-
11/03/2005	-	-	-	-	-	-	-	■	-	-	-	■	-	-	-	-	-	-	-	-	-	-	■	-	-	-	-	-	-	-	-	-	-	-	-	-	-	-	-	■	-	-	■	-	-	-	-	-	-	-
18/03/2005	-	-	-	-	-	■	-	-	-	-	-	-	-	-	-	-	-	-	-	-	-	-	■	-	-	-	-	-	-	-	-	-	-	-	-	-	-	-	■	-	-	-	■	-	-	-	-	■	-	-
25/03/2005	-	-	-	■	-	-	-	-	-	-	-	-	-	-	-	-	-	-	-	-	-	-	-	-	-	-	-	-	■	-	-	-	■	-	-	-	■	■	-	-	-	-	-	-	-	-	-	-	-	-
01/04/2005	-	-	-	-	-	-	-	-	-	-	-	-	-	-	-	-	-	-	-	-	-	-	-	-	■	■	-	-	-	-	-	-	-	-	-	-	-	-	-	-	■	-	-	■	-	-	■	-	-	-
08/04/2005	-	-	-	-	-	-	■	-	-	-	■	-	-	-	-	-	-	-	-	-	-	-	-	-	■	-	-	-	-	-	■	-	-	-	-	-	-	-	-	-	-	-	-	-	-	-	-	-	-	■
15/04/2005	-	-	-	-	-	■	-	-	-	-	-	-	-	-	-	-	-	-	-	-	-	-	-	-	-	-	-	■	-	-	■	-	-	-	-	-	-	■	-	-	-	■	-	-	-	-	-	-	-	-
22/04/2005	-	-	■	-	-	-	-	-	-	■	-	-	■	-	-	-	-	-	-	-	-	-	-	■	-	-	-	-	-	-	-	-	-	-	-	-	-	-	-	-	-	-	-	-	-	-	■	-	-	-
29/04/2005	-	-	■	-	-	-	-	-	■	-	-	-	-	-	-	-	-	-	-	-	-	-	-	-	-	-	-	-	-	-	-	-	-	-	■	-	-	-	■	-	-	■	-	-	-	-	-	-	-	-
06/05/2005	-	-	-	-	-	-	■	-	-	-	-	■	-	-	-	-	-	-	-	-	■	-	-	-	-	■	-	-	-	-	-	-	-	-	-	-	-	-	-	-	-	-	-	■	-	-	-	-	-	-
13/05/2005	-	-	-	-	-	-	-	-	-	-	-	■	-	-	-	-	■	-	-	-	-	-	-	-	-	-	-	-	-	-	■	■	-	-	-	-	-	-	-	■	-	-	-	-	-	-	-	-	-	-
20/05/2005	-	-	-	-	-	■	■	-	-	-	-	-	■	-	-	-	-	-	-	-	-	-	-	-	-	-	-	■	-	-	-	-	-	-	-	-	-	-	-	-	-	-	-	-	-	-	■	-	-	-
27/05/2005	-	■	-	-	-	-	-	-	-	-	-	-	-	-	-	-	-	-	-	-	-	-	-	■	-	-	-	-	-	-	■	-	-	-	-	-	-	-	-	-	-	-	-	-	-	-	-	■	-	■
03/06/2005	-	-	■	-	-	-	-	■	-	-	■	-	-	-	-	-	■	-	-	-	-	-	-	-	-	-	-	-	-	-	-	-	-	-	-	-	-	-	-	-	-	-	-	-	-	-	-	-	-	■
10/06/2005	-	-	-	-	-	■	■	-	-	-	-	-	-	-	-	-	-	-	-	-	-	-	-	-	-	-	-	-	-	-	-	■	-	-	-	-	■	-	-	-	-	-	-	-	-	-	■	-	-	-
17/06/2005	-	-	-	■	-	-	-	■	-	■	-	-	-	-	-	-	-	■	-	-	■	-	-	-	-	-	-	-	-	-	-	-	-	-	-	-	-	-	-	-	-	-	-	-	-	-	-	-	-	-
24/06/2005	-	-	-	-	-	■	-	■	-	-	-	-	-	■	■	-	-	-	-	-	-	-	-	-	-	-	-	-	-	-	-	-	-	-	-	-	-	-	-	-	-	-	-	-	■	-	-	-	-	-
01/07/2005	-	-	-	■	■	-	-	-	-	-	-	-	-	-	-	-	-	-	-	-	-	-	■	-	■	-	-	■	-	-	-	-	-	-	-	-	-	-	-	-	-	-	-	-	-	-	-	-	-	-
08/07/2005	-	-	-	-	-	-	-	-	-	-	-	-	-	-	-	-	-	-	-	-	-	-	-	-	-	-	-	-	-	-	-	-	-	-	■	■	-	-	-	-	-	■	-	-	-	■	-	-	■	-
15/07/2005	■	-	-	-	-	-	-	-	-	-	■	■	-	-	-	-	-	-	-	-	-	-	■	-	-	-	-	-	-	-	-	-	-	-	-	-	-	-	-	-	-	■	-	-	-	-	-	-	-	-
22/07/2005	-	-	■	-	-	-	-	-	-	-	-	-	-	■	-	-	-	-	-	-	-	-	-	-	-	-	-	-	-	-	-	-	-	-	-	-	-	-	-	-	■	-	-	-	-	-	-	■	■	-
29/07/2005	-	-	■	-	-	-	-	-	-	-	-	-	-	-	-	-	-	-	■	-	-	-	-	-	-	■	-	-	-	-	-	-	-	-	-	-	-	-	-	-	-	-	-	-	-	-	-	-	■	■
05/08/2005	-	■	-	-	-	-	-	-	-	-	■	-	-	-	-	-	-	-	-	-	■	■	-	-	-	-	-	-	-	■	-	-	-	-	-	-	-	-	-	-	-	-	-	-	-	-	-	-	-	-
12/08/2005	-	-	-	-	-	-	-	-	-	-	-	-	-	-	■	-	-	-	-	-	-	-	■	-	-	-	-	-	-	■	-	-	-	-	-	-	■	-	-	■	-	-	-	-	-	-	-	-	-	-
19/08/2005	-	-	-	-	-	-	-	-	-	-	■	-	-	-	-	-	-	-	-	-	-	-	-	■	-	-	-	-	■	-	■	-	-	-	-	-	-	-	-	-	■	-	-	-	-	-	-	-	-	-
26/08/2005	-	-	-	-	-	-	-	-	■	-	-	-	-	-	-	-	-	-	-	-	-	-	-	-	-	-	-	-	■	-	-	-	-	-	■	-	-	-	-	■	■	-	-	-	-	-	-	-	-	-
02/09/2005	-	-	■	■	-	-	-	-	-	-	-	-	-	■	-	-	-	-	-	-	-	-	-	-	-	-	-	-	-	-	-	-	-	-	-	-	-	-	-	-	-	-	■	-	-	-	-	-	-	■
09/09/2005	-	-	-	-	-	-	-	■	-	-	-	■	-	-	-	-	-	-	■	-	-	-	-	-	-	-	-	-	-	-	■	-	-	-	-	-	-	-	-	-	-	-	-	-	-	-	-	-	-	■
16/09/2005	-	-	-	-	-	-	-	-	-	-	-	■	■	-	-	-	-	-	■	-	■	-	-	-	-	-	-	-	-	-	-	-	-	-	-	-	-	■	-	-	-	-	-	-	-	-	-	-	-	-
23/09/2005	■	-	-	-	-	-	-	-	-	-	-	-	-	-	-	-	-	-	-	-	-	-	-	-	-	■	-	-	-	-	■	-	-	■	-	-	-	-	-	-	-	-	-	-	-	-	■	-	-	-
30/09/2005	-	-	-	-	-	■	-	-	-	-	■	-	-	-	-	-	-	-	-	-	-	-	-	-	-	-	-	-	-	-	-	-	-	-	-	-	-	-	-	-	-	-	-	-	-	-	■	■	-	■
07/10/2005	-	■	-	-	-	-	-	-	-	-	-	-	■	-	-	-	-	-	-	-	■	-	-	-	-	■	-	-	-	-	-	-	-	-	-	-	-	-	-	-	-	-	-	■	-	-	-	-	-	-
14/10/2005	-	-	-	-	-	-	-	-	-	■	■	-	-	-	-	-	-	-	■	■	-	-	■	-	-	-	-	-	-	-	-	-	-	-	-	-	-	-	-	-	-	-	-	-	-	-	-	-	-	-
21/10/2005	■	-	-	-	-	-	-	-	-	-	-	-	-	■	-	-	-	-	■	-	-	-	-	-	-	-	-	-	■	-	-	-	■	-	-	-	-	-	-	-	-	-	-	-	-	-	-	-	-	-
28/10/2005	-	-	-	-	-	-	-	-	-	-	-	-	-	■	-	-	-	-	-	-	-	-	-	-	-	-	-	-	-	-	-	-	-	-	-	■	-	-	-	-	-	-	-	■	-	-	■	-	-	■
04/11/2005	-	-	-	-	-	-	-	-	-	-	-	-	-	-	-	-	-	-	-	-	-	-	-	-	-	■	-	-	-	-	-	-	-	-	-	■	■	■	-	-	-	■	-	-	-	-	-	-	-	-
11/11/2005	-	-	-	-	-	-	-	-	-	-	-	-	-	-	■	■	-	-	-	-	-	-	-	-	-	-	-	-	-	-	-	-	-	-	-	■	-	-	-	-	■	■	-	-	-	-	-	-	-	-
18/11/2005	-	-	-	-	-	-	-	-	-	-	-	-	-	-	-	-	■	■	-	-	-	-	-	-	■	-	-	-	-	-	-	-	-	■	-	-	-	-	-	-	-	-	-	-	-	-	-	■	-	-
25/11/2005	■	-	-	-	-	■	-	-	-	-	-	-	-	-	-	-	-	-	-	-	-	-	-	-	-	-	■	-	-	-	-	-	-	-	-	-	-	-	■	-	-	-	-	-	-	-	■	-	-	-
02/12/2005	■	-	-	-	-	-	-	-	■	-	-	-	-	-	-	-	-	-	-	■	-	-	■	-	-	-	-	-	-	■	-	-	-	-	-	-	-	-	-	-	-	-	-	-	-	-	-	-	-	-
09/12/2005	-	-	-	-	-	-	-	-	-	-	■	-	-	-	-	-	-	■	-	-	-	-	-	-	-	-	-	-	-	-	-	-	-	-	■	-	-	■	-	-	-	■	-	-	-	-	-	-	-	-
16/12/2005	-	■	■	-	-	-	-	-	-	-	-	-	-	-	■	-	-	■	-	-	-	-	-	-	-	-	-	-	-	-	-	■	-	-	-	-	-	-	-	-	-	-	-	-	-	-	-	-	-	-
23/12/2005	-	-	-	-	-	-	-	-	-	-	-	-	-	-	■	-	-	-	-	-	-	-	-	-	-	-	-	-	-	-	■	-	-	-	-	■	■	-	-	-	-	■	-	-	-	-	-	-	-	-
30/12/2005	-	-	-	-	-	-	-	■	-	-	-	-	-	-	-	■	-	-	■	-	-	-	-	-	-	-	-	-	-	-	-	-	-	-	-	-	-	-	-	-	-	-	■	-	■	-	-	-	-	-
06/01/2006	-	■	-	-	-	■	-	-	■	-	-	-	-	■	-	-	-	-	-	-	-	-	-	-	-	■	-	-	-	-	-	-	-	-	-	-	-	-	-	-	-	-	-	-	-	-	-	-	-	-
13/01/2006	-	-	-	-	-	-	-	■	-	-	-	■	-	-	-	-	-	-	■	-	-	-	-	-	-	-	-	-	-	-	-	-	■	■	-	-	-	-	-	-	-	-	-	-	-	-	-	-	-	-
20/01/2006	-	-	-	-	-	-	-	-	-	-	-	■	-	-	■	-	-	-	-	-	-	-	-	-	-	-	-	-	-	-	-	-	■	-	-	-	-	-	-	-	-	-	-	■	-	-	-	-	-	■
27/01/2006	-	-	-	-	-	-	-	-	■	-	-	-	-	-	■	-	-	-	-	-	■	-	-	-	-	-	-	-	-	-	-	-	-	-	-	-	-	-	-	■	-	-	-	-	-	-	-	-	■	-
03/02/2006	-	-	-	-	-	-	-	-	■	-	-	-	-	-	-	-	-	-	-	-	■	-	-	-	-	-	-	-	-	■	-	-	-	-	-	-	-	-	■	-	-	-	-	-	-	-	-	-	-	■
10/02/2006	-	-	-	-	■	■	-	-	-	-	-	-	-	-	-	-	-	-	-	-	-	-	-	-	-	-	-	-	-	-	-	-	-	-	-	-	-	■	-	-	-	-	-	-	-	-	-	■	-	■
17/02/2006	-	-	-	■	-	-	-	-	-	-	-	-	-	-	-	-	-	-	-	-	-	-	■	■	-	■	-	-	-	-	-	-	-	-	-	-	-	■	-	-	-	-	-	-	-	-	-	-	-	-
24/02/2006	■	-	-	-	-	-	-	-	-	-	■	-	-	-	-	-	-	■	■	-	-	-	-	-	-	-	-	-	-	-	-	-	-	-	-	-	-	-	-	-	-	-	-	-	-	-	■	-	-	-
03/03/2006	-	-	■	-	■	-	-	■	-	■	-	-	-	-	-	-	-	-	-	-	-	-	-	-	-	-	-	-	-	-	-	-	-	-	-	-	-	-	-	-	-	-	-	■	-	-	-	-	-	-
10/03/2006	■	-	-	-	-	-	-	-	-	-	-	-	-	-	-	-	-	-	-	-	■	-	-	-	-	-	-	-	-	-	-	-	■	-	-	-	-	-	-	-	-	-	-	-	■	-	-	-	■	-
17/03/2006	-	-	-	-	■	-	-	-	-	-	-	-	-	-	-	-	-	-	-	-	-	-	-	-	-	-	-	-	-	-	-	■	-	-	-	-	-	-	-	-	-	-	-	■	■	-	-	-	-	■
24/03/2006	-	-	-	-	-	-	-	-	-	-	-	-	-	-	-	-	■	-	-	-	-	-	-	-	-	-	-	■	-	-	-	-	■	-	■	-	-	-	-	-	-	-	-	-	-	-	■	-	-	-
31/03/2006	-	-	■	-	-	-	-	-	-	-	-	-	-	-	-	-	-	-	-	■	-	-	-	-	-	-	-	-	-	-	■	-	-	-	-	-	-	-	-	-	-	-	-	-	■	-	-	-	-	■
07/04/2006	-	-	-	-	-	-	-	-	-	-	-	■	■	-	-	-	-	-	-	-	-	-	-	-	-	-	-	-	■	-	-	-	-	-	-	-	-	-	-	-	-	-	-	■	-	-	-	-	-	■
14/04/2006	-	-	-	-	-	-	-	-	-	-	-	-	-	-	-	■	-	-	-	-	-	-	-	-	-	■	-	-	-	-	-	-	-	■	■	-	-	-	-	-	-	-	-	-	-	-	-	-	■	-
21/04/2006	■	-	-	-	-	-	-	-	-	-	-	-	-	-	-	-	-	-	-	■	-	■	-	-	-	-	-	-	-	-	-	-	-	-	-	-	■	-	-	-	-	-	-	-	-	■	-	-	-	-
28/04/2006	-	-	-	-	■	-	-	-	-	■	-	-	-	-	-	-	■	-	-	-	-	■	-	-	-	-	-	-	-	-	-	-	■	-	-	-	-	-	-	-	-	-	-	-	-	-	-	-	-	-
05/05/2006	-	-	-	■	-	-	-	■	-	-	-	-	-	■	-	■	-	-	-	-	-	-	-	-	-	-	-	-	-	-	-	-	-	-	-	-	-	-	-	-	-	-	-	-	-	-	-	-	-	■
12/05/2006	-	-	-	-	■	-	-	-	-	-	-	-	-	-	-	-	-	-	-	■	-	-	■	-	-	-	-	-	-	-	-	-	-	■	-	-	-	-	-	-	-	-	-	-	-	-	-	-	-	■
19/05/2006	-	-	■	-	■	-	-	-	-	-	-	-	-	-	-	-	-	-	-	-	-	-	-	-	■	-	-	-	-	-	-	-	-	■	-	-	-	-	-	-	-	-	-	-	-	-	-	-	■	-
26/05/2006	-	■	-	-	-	-	-	-	-	-	-	■	-	-	-	-	-	-	-	-	■	-	-	-	-	-	-	-	-	-	-	-	-	-	-	-	-	-	-	-	■	-	-	-	-	-	-	-	■	-
02/06/2006	-	-	-	-	-	-	■	■	-	-	-	-	-	-	-	-	-	-	-	-	-	-	-	-	-	-	■	-	-	-	-	-	-	-	-	-	-	-	-	-	■	-	-	-	-	-	-	■	-	-
09/06/2006	-	-	■	-	-	-	-	-	-	-	-	■	-	-	■	-	-	-	-	-	-	-	-	-	-	-	-	-	-	-	-	-	-	■	-	-	-	-	■	-	-	-	-	-	-	-	-	-	-	-
16/06/2006	■	-	-	-	-	-	-	-	-	-	-	-	-	-	-	■	-	-	-	-	-	-	-	-	-	■	-	-	-	■	-	-	-	-	-	■	-	-	-	-	-	-	-	-	-	-	-	-	-	-
23/06/2006	-	-	-	-	-	-	-	-	■	-	-	-	-	-	-	-	-	-	-	-	■	-	-	-	-	-	-	-	-	■	-	-	-	-	-	-	-	-	-	-	-	-	■	■	-	-	-	-	-	-
30/06/2006	-	-	-	-	-	■	-	-	-	-	-	-	-	-	■	■	-	-	-	-	-	-	-	-	-	-	-	-	-	-	-	-	-	-	-	-	-	-	-	■	-	-	■	-	-	-	-	-	-	-
07/07/2006	-	-	-	-	-	-	■	-	■	-	-	-	-	-	-	-	-	■	-	-	-	-	-	-	-	-	-	-	-	-	-	-	-	-	■	-	-	-	-	-	-	-	■	-	-	-	-	-	-	-
14/07/2006	■	-	-	-	-	-	■	-	-	-	-	-	-	-	-	-	■	-	-	-	-	-	-	-	-	-	-	-	-	-	■	-	-	-	-	■	-	-	-	-	-	-	-	-	-	-	-	-	-	-
21/07/2006	-	■	-	■	-	-	-	-	■	-	-	-	-	-	-	-	-	-	-	-	-	-	-	-	-	-	-	-	-	-	-	-	-	-	-	-	-	■	-	-	-	-	-	-	-	-	-	-	-	■
28/07/2006	-	-	■	-	-	-	-	■	-	-	-	■	-	-	-	-	-	-	-	-	-	-	-	-	-	-	-	-	■	-	-	-	-	-	-	-	-	-	-	-	-	-	■	-	-	-	-	-	-	-
04/08/2006	■	-	-	-	-	-	-	-	-	-	-	-	-	■	■	-	-	-	-	-	-	-	-	-	-	■	-	-	-	-	-	■	-	-	-	-	-	-	-	-	-	-	-	-	-	-	-	-	-	-
11/08/2006	-	-	-	-	-	-	-	-	-	-	-	-	-	-	-	-	-	-	-	-	-	-	-	-	-	-	■	■	-	-	■	-	-	-	-	-	-	-	-	-	-	-	-	-	-	■	■	-	-	-
18/08/2006	-	-	-	-	-	-	-	-	-	-	-	■	-	-	-	-	-	-	-	-	-	-	-	-	-	-	-	-	-	-	-	-	-	-	-	-	■	-	■	■	-	-	-	-	-	-	-	-	-	■
25/08/2006	-	-	-	-	-	-	-	-	-	■	-	-	-	-	-	-	-	-	-	-	-	-	-	-	-	-	-	■	-	-	-	-	-	-	-	-	-	-	-	■	-	-	-	-	-	-	■	■	-	-
01/09/2006	-	-	■	-	-	-	■	-	-	-	-	-	-	-	-	-	-	-	-	-	-	-	-	-	■	-	-	-	-	-	-	-	-	-	-	-	-	-	-	-	-	-	-	-	■	-	-	-	-	■
08/09/2006	■	-	-	-	-	-	-	-	-	■	-	■	-	-	-	-	-	-	-	-	-	-	-	-	-	-	-	-	-	-	-	■	■	-	-	-	-	-	-	-	-	-	-	-	-	-	-	-	-	-
15/09/2006	-	-	-	-	-	■	-	-	-	■	-	-	-	-	-	■	-	-	-	-	-	-	-	-	-	■	-	-	-	-	-	-	-	-	-	-	-	-	-	-	-	-	-	-	-	-	-	-	■	-
22/09/2006	-	-	-	-	-	-	-	-	-	■	-	-	-	-	-	-	-	-	-	-	-	-	-	-	-	-	-	-	■	■	-	-	-	-	-	-	-	-	-	-	-	-	-	-	■	-	-	-	■	-
29/09/2006	■	-	■	-	-	■	-	-	-	-	-	-	-	-	-	-	-	■	-	-	-	-	-	■	-	-	-	-	-	-	-	-	-	-	-	-	-	-	-	-	-	-	-	-	-	-	-	-	-	-
06/10/2006	-	-	-	-	■	-	-	-	-	-	■	-	-	-	-	-	-	-	-	-	-	■	-	-	-	-	-	-	-	-	-	-	-	-	■	-	-	■	-	-	-	-	-	-	-	-	-	-	-	-
13/10/2006	-	■	-	-	-	-	-	-	-	-	-	-	-	-	-	-	-	-	-	-	-	-	-	-	■	-	-	-	-	-	-	■	-	-	-	-	-	■	-	-	■	-	-	-	-	-	-	-	-	-
20/10/2006	-	-	-	-	-	-	-	-	-	■	-	-	-	-	-	-	-	-	■	-	-	-	-	-	-	-	-	-	-	-	-	-	-	■	-	-	-	-	-	-	-	-	-	-	■	-	■	-	-	-
27/10/2006	-	-	■	■	-	-	-	■	-	-	-	-	-	-	-	-	-	-	-	-	-	-	-	-	-	-	-	-	-	-	-	-	-	-	-	-	-	-	-	-	-	-	-	■	-	-	-	-	-	■
03/11/2006	-	-	-	-	-	-	-	-	-	-	■	-	■	-	-	-	-	-	-	-	-	-	-	■	-	-	-	-	-	-	-	-	-	-	-	-	-	-	-	-	-	-	-	■	-	-	-	-	■	-
10/11/2006	-	-	-	-	-	-	-	-	-	-	-	-	-	■	-	-	-	-	-	-	■	-	-	-	-	-	■	-	-	■	-	-	-	-	-	■	-	-	-	-	-	-	-	-	-	-	-	-	-	-
17/11/2006	-	-	-	-	-	-	-	-	-	-	-	■	-	-	-	-	-	-	-	-	-	■	-	-	-	-	-	-	-	-	-	■	■	-	-	■	-	-	-	-	-	-	-	-	-	-	-	-	-	-
24/11/2006	-	-	-	-	■	-	-	■	-	-	-	-	-	-	-	-	■	-	-	-	-	-	-	-	■	-	-	-	-	-	-	-	-	-	-	-	-	-	-	■	-	-	-	-	-	-	-	-	-	-
01/12/2006	-	-	-	■	-	-	-	■	-	-	-	-	-	-	-	■	-	-	-	-	-	-	-	-	-	-	-	-	-	-	-	-	-	-	-	-	■	-	-	-	■	-	-	-	-	-	-	-	-	-
08/12/2006	-	-	-	-	-	-	-	-	-	-	-	-	-	-	-	■	■	■	-	-	-	-	-	-	-	-	-	-	-	-	-	-	-	-	-	■	-	-	-	-	-	-	-	-	-	-	■	-	-	-
15/12/2006	-	-	-	-	-	-	-	-	■	-	-	-	-	-	-	-	-	-	-	-	-	-	■	-	-	-	-	-	-	-	-	-	-	-	■	-	■	-	-	-	-	■	-	-	-	-	-	-	-	-
22/12/2006	-	-	-	-	-	-	-	-	■	-	■	-	-	-	-	-	-	-	-	■	-	-	-	-	-	-	-	-	-	-	-	-	-	-	-	-	-	■	-	-	-	-	■	-	-	-	-	-	-	-
29/12/2006	-	-	-	-	-	■	-	-	■	-	-	-	■	■	-	-	-	-	-	-	-	-	-	-	-	-	-	-	-	-	-	-	-	-	■	-	-	-	-	-	-	-	-	-	-	-	-	-	-	-
05/01/2007	-	-	-	-	-	-	-	-	-	-	-	-	-	-	-	-	■	-	■	-	-	-	-	-	-	-	-	-	■	-	-	-	-	-	-	■	-	-	-	-	-	-	-	-	■	-	-	-	-	-
12/01/2007	-	-	-	-	-	-	-	■	-	-	■	-	-	■	-	-	-	-	■	-	-	-	-	-	■	-	-	-	-	-	-	-	-	-	-	-	-	-	-	-	-	-	-	-	-	-	-	-	-	-
19/01/2007	-	-	-	-	■	-	-	-	-	-	-	-	■	-	-	-	-	-	-	-	-	-	-	-	-	-	■	-	-	-	-	-	■	-	-	-	-	-	-	-	-	■	-	-	-	-	-	-	-	-
26/01/2007	-	-	-	-	-	-	-	-	-	-	■	-	-	-	■	-	-	-	-	-	-	-	■	-	-	-	-	-	-	■	-	-	-	-	-	-	-	■	-	-	-	-	-	-	-	-	-	-	-	-
02/02/2007	-	-	-	-	-	-	-	-	-	-	-	-	-	■	-	-	-	-	-	-	-	-	■	-	-	-	■	-	-	■	-	-	-	-	-	■	-	-	-	-	-	-	-	-	-	-	-	-	-	-
09/02/2007	-	-	-	-	-	-	-	-	-	-	-	-	-	■	-	■	-	-	-	-	-	-	-	-	-	-	-	-	-	■	-	-	-	-	-	■	-	-	-	-	-	-	-	-	-	■	-	-	-	-
16/02/2007	-	-	-	-	-	-	-	■	-	-	-	-	-	-	-	-	-	-	■	■	-	-	-	-	-	-	-	-	-	-	-	-	-	-	-	-	-	-	■	-	-	-	-	-	-	-	-	-	-	■
23/02/2007	-	■	-	-	-	-	-	-	-	-	-	-	-	-	■	-	-	■	-	■	-	■	-	-	-	-	-	-	-	-	-	-	-	-	-	-	-	-	-	-	-	-	-	-	-	-	-	-	-	-
02/03/2007	-	-	■	-	-	-	-	-	-	-	-	-	-	-	-	■	-	-	-	-	-	-	-	-	-	-	-	-	-	-	-	-	-	■	-	-	-	■	-	-	-	-	-	-	-	-	-	■	-	-
09/03/2007	-	■	■	-	-	-	-	-	-	-	-	-	-	-	-	-	-	-	-	-	-	-	-	-	■	-	-	-	-	-	-	-	-	-	-	-	-	-	-	-	-	-	■	-	-	-	-	■	-	-
16/03/2007	-	-	-	■	-	-	-	-	-	-	-	-	-	■	-	-	-	-	-	-	-	-	-	-	-	-	-	-	-	-	■	-	-	-	-	-	-	-	-	-	-	-	-	-	■	-	-	-	■	-
23/03/2007	-	-	-	-	■	-	-	-	-	-	-	-	■	-	-	-	■	-	-	-	-	-	-	-	-	-	-	-	-	-	-	-	-	-	-	-	-	-	-	■	-	-	■	-	-	-	-	-	-	-
30/03/2007	-	-	-	-	-	-	-	-	■	-	-	-	-	-	-	-	■	-	■	-	-	-	-	-	-	-	-	-	-	-	-	-	-	-	-	-	-	-	-	-	■	-	-	-	-	■	-	-	-	-
06/04/2007	-	-	-	-	-	-	-	-	-	-	-	-	-	-	■	-	-	-	-	-	-	-	■	-	-	-	-	-	■	-	-	-	-	-	-	-	-	-	-	-	■	-	-	-	-	-	-	■	-	-
13/04/2007	-	-	-	-	-	-	■	-	-	-	-	-	-	-	-	-	-	-	-	■	-	-	-	-	■	-	-	-	-	-	-	-	-	-	-	-	-	■	-	-	■	-	-	-	-	-	-	-	-	-
20/04/2007	-	-	-	-	-	-	-	-	-	-	-	-	-	-	-	-	-	-	-	-	-	-	■	-	-	■	-	-	-	-	-	■	-	-	-	-	-	-	-	-	■	-	-	-	■	-	-	-	-	-
27/04/2007	-	-	-	-	-	-	■	-	-	-	-	-	-	-	-	-	-	■	-	-	-	-	-	-	-	-	■	-	-	-	-	-	-	-	-	■	-	-	-	-	-	-	-	■	-	-	-	-	-	-
04/05/2007	-	-	-	-	-	■	-	-	-	-	-	-	-	-	-	-	■	-	-	-	-	-	-	-	-	-	-	-	-	-	-	-	-	-	■	-	-	-	-	-	■	-	-	-	■	-	-	-	-	-
11/05/2007	-	-	-	-	-	-	■	-	-	-	-	■	-	-	-	-	-	-	-	-	-	-	-	-	-	■	-	-	■	-	-	-	-	-	-	-	-	-	-	-	-	-	-	-	-	-	-	-	■	-
18/05/2007	-	-	-	-	-	-	-	-	-	-	-	-	-	-	-	-	-	-	-	-	-	-	-	-	-	■	-	-	-	-	-	-	-	■	-	-	■	-	■	-	-	-	-	-	-	-	-	-	■	-
25/05/2007	-	-	-	-	-	-	-	-	-	-	-	-	-	-	-	-	-	-	-	-	-	-	-	-	■	■	-	-	■	-	-	-	-	-	-	-	-	-	-	-	-	-	-	-	-	-	-	-	■	■
01/06/2007	-	-	-	-	-	■	-	-	-	-	-	-	-	-	-	-	-	-	-	-	-	■	-	-	-	-	-	-	-	-	-	-	-	-	-	-	■	-	-	-	■	■	-	-	-	-	-	-	-	-
08/06/2007	■	-	-	-	-	-	-	-	-	-	-	-	-	-	■	-	■	-	-	-	-	-	-	-	■	-	-	-	-	-	-	-	-	-	-	-	-	-	-	-	-	-	-	-	■	-	-	-	-	-
15/06/2007	-	-	-	-	■	-	■	-	-	-	-	-	-	■	-	-	-	-	-	-	■	-	-	-	-	-	-	-	-	-	-	-	-	-	-	-	-	-	-	■	-	-	-	-	-	-	-	-	-	-
22/06/2007	-	-	-	-	-	-	-	-	-	-	■	-	-	-	-	■	■	-	-	-	-	■	-	-	-	-	-	-	-	-	-	-	-	■	-	-	-	-	-	-	-	-	-	-	-	-	-	-	-	-
29/06/2007	-	-	-	-	-	-	-	■	-	-	-	■	-	-	-	-	-	-	-	-	-	-	-	-	-	-	-	■	-	-	-	-	■	-	-	-	-	-	-	-	-	-	-	-	■	-	-	-	-	-
06/07/2007	-	-	-	■	■	-	-	-	-	-	-	-	-	-	-	-	-	-	■	-	-	-	-	-	-	-	-	-	-	-	-	-	-	-	-	-	-	-	■	-	■	-	-	-	-	-	-	-	-	-
13/07/2007	-	-	-	-	-	-	-	-	■	-	-	-	■	-	■	-	-	-	-	-	-	-	-	-	-	-	-	-	-	-	■	-	-	-	-	-	-	-	-	-	-	-	-	-	-	-	-	■	-	-
20/07/2007	-	-	-	-	-	-	-	-	-	■	-	-	-	-	-	-	-	-	-	-	■	-	-	-	■	■	-	-	-	-	-	-	-	-	-	-	-	-	-	-	-	-	-	-	-	-	-	-	-	■
27/07/2007	■	-	-	■	-	-	-	-	-	-	-	-	-	-	-	-	-	-	-	-	■	-	-	-	-	-	-	-	■	-	-	-	-	-	-	-	-	-	-	-	■	-	-	-	-	-	-	-	-	-
03/08/2007	-	-	-	-	-	-	-	-	-	■	-	-	-	-	-	-	-	-	-	-	-	-	-	-	-	-	-	-	-	■	-	-	■	-	-	-	■	-	-	-	■	-	-	-	-	-	-	-	-	-
10/08/2007	-	-	-	-	-	-	-	-	-	-	-	-	-	-	-	-	-	-	-	-	-	-	■	-	-	-	-	-	-	-	-	-	-	-	-	-	-	-	-	■	-	■	■	-	-	-	-	-	■	-
17/08/2007	-	■	■	-	-	-	-	-	-	-	-	-	■	-	-	-	-	-	-	-	-	-	-	-	-	-	-	-	-	-	-	-	-	-	-	-	-	■	-	-	-	■	-	-	-	-	-	-	-	-
24/08/2007	■	-	■	-	-	-	-	-	-	-	-	-	-	-	-	■	-	-	-	-	-	-	-	-	-	-	-	-	-	-	-	-	-	-	-	-	-	-	-	-	-	■	-	-	-	-	-	■	-	-
31/08/2007	-	-	-	-	-	■	-	-	-	-	-	-	-	-	-	-	-	■	-	-	-	■	■	-	-	-	-	-	-	-	-	-	-	-	-	-	■	-	-	-	-	-	-	-	-	-	-	-	-	-
07/09/2007	-	■	■	-	-	-	-	-	-	-	-	-	-	-	-	-	-	-	-	-	-	-	-	-	-	-	-	-	-	-	-	-	■	■	-	-	-	-	-	-	-	■	-	-	-	-	-	-	-	-
14/09/2007	-	-	-	-	■	-	-	-	■	-	■	-	-	-	-	-	-	-	-	-	-	-	-	-	-	-	-	-	■	-	-	-	■	-	-	-	-	-	-	-	-	-	-	-	-	-	-	-	-	-
21/09/2007	■	-	-	-	-	-	-	-	-	-	-	-	-	-	-	-	■	-	-	-	-	-	-	-	-	-	-	-	-	-	-	■	-	-	■	-	■	-	-	-	-	-	-	-	-	-	-	-	-	-
28/09/2007	-	-	-	-	-	-	-	-	-	-	-	-	-	-	-	-	-	-	-	-	-	■	-	-	-	-	-	-	-	■	-	-	-	■	■	-	-	-	-	-	-	-	-	■	-	-	-	-	-	-
05/10/2007	-	-	-	-	-	-	-	-	-	-	■	-	-	-	-	-	-	-	-	■	-	-	-	-	-	-	■	-	-	-	-	-	-	-	■	-	-	-	-	-	-	-	-	■	-	-	-	-	-	-
12/10/2007	-	-	-	-	-	-	-	-	-	-	-	-	-	-	-	-	-	-	-	-	■	-	-	-	-	-	-	-	-	-	-	■	-	-	-	■	-	-	-	-	-	-	-	-	-	■	■	-	-	-
19/10/2007	-	-	-	-	-	-	■	-	-	-	-	-	-	-	-	-	-	■	-	-	-	-	-	-	-	-	-	-	-	-	-	-	-	■	■	-	-	-	-	■	-	-	-	-	-	-	-	-	-	-
26/10/2007	-	-	-	-	-	-	■	-	-	-	-	-	-	-	-	-	-	-	-	■	-	-	-	-	-	-	-	-	-	-	-	-	-	-	-	-	-	■	-	■	-	-	■	-	-	-	-	-	-	-
02/11/2007	-	-	■	-	-	-	-	-	-	-	-	-	-	-	-	■	-	■	■	-	-	-	-	-	-	-	-	-	-	-	-	-	-	-	-	-	-	-	-	■	-	-	-	-	-	-	-	-	-	-
09/11/2007	-	-	-	-	■	-	-	-	-	-	-	-	-	■	-	-	-	-	-	-	-	■	-	-	■	-	-	-	-	-	-	-	-	-	-	■	-	-	-	-	-	-	-	-	-	-	-	-	-	-
16/11/2007	-	-	-	-	-	-	-	-	■	-	-	-	-	-	-	-	-	■	-	-	-	-	■	-	-	-	-	-	-	-	-	-	■	-	-	-	■	-	-	-	-	-	-	-	-	-	-	-	-	-
23/11/2007	-	■	-	-	-	-	-	-	-	■	-	-	-	-	-	-	-	-	-	-	-	■	-	-	-	-	-	-	■	-	-	-	-	-	-	-	-	-	-	-	-	-	-	-	-	-	-	■	-	-
30/11/2007	-	-	-	-	-	-	-	-	-	-	-	■	-	-	-	-	-	-	■	■	-	-	-	-	-	-	-	-	-	■	-	-	-	-	-	-	-	■	-	-	-	-	-	-	-	-	-	-	-	-
07/12/2007	-	■	-	■	-	-	-	-	-	-	-	-	-	-	-	-	-	-	-	-	-	-	-	-	-	-	-	-	-	-	-	■	-	-	-	-	-	-	-	-	-	-	■	-	-	-	-	■	-	-
14/12/2007	-	-	-	-	-	-	-	■	-	-	-	-	-	-	-	-	-	-	-	-	-	-	-	-	■	-	-	-	-	■	-	-	-	-	-	■	-	-	-	-	-	-	-	■	-	-	-	-	-	-
21/12/2007	-	-	-	-	-	-	■	-	■	-	-	-	-	-	-	-	-	-	-	-	-	-	-	-	-	-	-	■	-	-	-	-	-	-	-	-	■	-	-	-	-	-	-	■	-	-	-	-	-	-
28/12/2007	-	-	-	-	-	-	-	-	-	-	-	-	-	-	-	-	-	-	-	■	■	■	-	-	-	-	-	-	-	-	■	-	-	-	-	-	-	-	-	-	-	-	-	-	■	-	-	-	-	-
04/01/2008	-	-	-	-	-	-	-	-	-	■	-	■	-	-	-	-	-	-	-	-	-	-	-	■	■	-	-	-	-	-	-	-	-	-	-	-	-	-	-	-	■	-	-	-	-	-	-	-	-	-
11/01/2008	-	-	-	-	-	-	-	■	-	-	-	-	-	-	-	-	-	-	-	-	-	-	-	■	-	-	-	-	-	-	-	-	-	-	-	■	-	-	-	-	-	-	-	-	-	-	-	-	■	■
18/01/2008	-	-	-	-	-	-	-	-	-	-	-	-	-	■	-	■	-	-	-	-	-	-	■	-	-	-	-	-	-	-	-	-	-	-	-	-	-	-	-	■	-	-	-	-	-	■	-	-	-	-
25/01/2008	-	■	-	-	-	■	-	-	■	-	-	-	-	-	-	-	-	-	■	-	-	-	-	-	-	-	-	-	-	-	-	-	-	-	-	-	-	-	-	-	-	-	-	-	■	-	-	-	-	-
01/02/2008	-	-	-	-	-	-	-	-	-	-	-	-	-	-	-	-	-	-	-	-	-	■	-	-	-	-	-	-	-	■	-	-	-	-	-	-	-	-	-	-	-	-	-	-	■	-	■	-	■	-
08/02/2008	-	-	-	-	-	-	-	-	-	-	-	-	-	-	-	-	■	-	-	-	-	-	-	-	-	-	-	■	-	■	-	-	-	-	-	-	-	■	-	-	-	-	-	■	-	-	-	-	-	-
15/02/2008	-	-	-	-	-	-	-	-	-	-	-	■	-	-	-	-	-	-	-	-	-	-	-	-	-	-	■	-	■	-	-	-	-	-	-	-	-	-	-	-	-	-	-	-	■	■	-	-	-	-
22/02/2008	-	-	-	■	-	-	-	-	-	-	-	-	-	-	-	-	-	-	-	-	-	-	-	-	-	-	■	-	-	-	-	■	-	-	-	-	-	-	-	-	-	-	-	-	-	■	-	-	-	■
29/02/2008	-	-	-	-	-	-	-	-	-	-	-	■	-	-	-	-	-	-	-	-	-	-	-	-	-	-	-	-	-	-	-	-	-	-	-	-	■	-	-	■	-	-	-	-	-	-	■	-	■	-
07/03/2008	-	■	-	-	-	-	■	-	-	-	-	-	-	■	-	-	■	-	-	-	-	-	-	-	-	-	-	-	-	-	-	-	-	-	■	-	-	-	-	-	-	-	-	-	-	-	-	-	-	-
14/03/2008	-	-	-	-	-	-	-	-	-	-	-	-	■	-	-	-	-	-	-	-	■	-	-	-	■	-	-	-	-	-	-	-	-	-	■	-	-	-	-	-	-	-	-	-	-	-	-	■	-	-
21/03/2008	-	■	-	-	-	-	-	-	-	■	-	-	-	-	-	-	-	■	-	-	-	■	-	-	-	-	-	-	-	-	-	-	-	-	-	■	-	-	-	-	-	-	-	-	-	-	-	-	-	-
28/03/2008	-	-	-	-	■	-	-	-	■	-	-	-	-	-	-	-	■	-	-	-	-	-	-	-	-	-	-	-	■	-	-	-	-	-	-	-	-	-	■	-	-	-	-	-	-	-	-	-	-	-
04/04/2008	-	-	-	-	-	-	-	-	-	-	■	-	■	-	-	-	-	■	-	-	-	-	-	-	-	-	-	-	-	-	-	-	-	-	-	-	■	-	-	-	-	-	-	-	-	-	■	-	-	-
11/04/2008	-	-	-	-	-	■	-	-	-	-	-	-	-	-	-	-	-	-	-	-	-	-	-	-	■	-	-	-	-	■	-	-	-	-	-	-	-	-	-	-	-	-	-	-	■	-	-	-	-	■
18/04/2008	-	-	■	-	-	■	■	-	-	-	-	-	-	-	-	-	-	-	-	-	-	-	-	-	-	-	■	-	-	-	-	-	-	-	-	-	-	-	-	-	-	-	-	-	-	-	-	-	-	■
25/04/2008	-	-	-	■	-	-	-	-	-	-	-	-	-	-	-	-	-	-	■	-	-	-	-	-	-	■	■	-	-	■	-	-	-	-	-	-	-	-	-	-	-	-	-	-	-	-	-	-	-	-
02/05/2008	-	■	-	-	-	-	-	-	-	-	-	-	-	-	-	-	-	-	-	-	-	-	-	-	-	■	-	-	-	-	-	-	-	-	-	-	■	-	-	-	-	-	-	-	■	-	-	■	-	-
09/05/2008	-	-	-	-	-	-	-	■	■	-	-	-	-	-	-	-	-	-	-	-	-	-	-	-	-	-	-	-	-	-	-	-	-	-	-	-	-	-	-	■	-	■	-	-	■	-	-	-	-	-
16/05/2008	-	-	-	-	-	■	-	-	■	-	-	-	-	-	■	-	-	-	-	-	-	-	-	-	■	-	-	-	-	-	-	-	-	-	-	-	-	■	-	-	-	-	-	-	-	-	-	-	-	-
23/05/2008	-	-	-	-	■	-	-	-	■	-	-	-	-	-	-	-	-	-	■	-	■	-	-	-	-	-	-	-	-	-	-	-	-	-	-	-	-	■	-	-	-	-	-	-	-	-	-	-	-	-
30/05/2008	-	-	-	-	■	-	■	-	-	-	-	-	-	■	-	-	-	-	-	■	-	-	-	-	-	-	-	-	-	-	-	-	-	-	-	-	-	-	-	-	-	-	-	-	-	-	-	-	■	-
06/06/2008	-	-	-	-	-	-	■	-	-	-	-	-	-	-	-	-	-	-	■	-	■	-	-	-	-	-	-	-	-	-	-	-	-	-	-	-	-	-	-	■	-	-	-	-	-	-	-	-	-	■
13/06/2008	-	-	-	-	-	-	-	-	-	-	-	-	■	-	-	■	-	-	-	-	-	-	-	-	-	-	-	-	-	-	-	-	-	-	-	-	■	-	-	-	-	-	-	■	-	-	-	-	-	■
20/06/2008	-	-	-	-	-	-	-	■	-	-	■	-	-	-	-	-	-	-	-	-	-	-	-	-	-	-	-	-	-	-	-	-	-	-	-	■	■	-	-	-	-	-	-	-	■	-	-	-	-	-
27/06/2008	-	-	-	-	■	-	-	-	-	-	-	-	-	-	-	-	-	-	-	■	-	-	-	-	-	■	-	-	-	-	-	-	-	-	-	-	-	-	-	-	-	-	-	■	-	-	-	-	-	■
04/07/2008	-	-	-	-	-	-	■	-	-	-	-	-	-	-	-	-	-	-	■	-	-	■	-	-	-	-	■	-	-	-	-	-	-	-	-	-	-	-	-	-	-	-	-	-	-	-	-	■	-	-
11/07/2008	-	-	-	-	-	-	-	-	■	-	■	-	■	-	-	-	-	-	■	-	-	-	-	-	-	-	-	-	-	-	-	-	-	-	-	-	■	-	-	-	-	-	-	-	-	-	-	-	-	-
18/07/2008	-	-	-	-	-	-	-	-	-	■	-	-	-	■	-	■	-	-	-	-	-	-	-	-	-	-	-	-	■	-	-	-	-	-	-	-	-	-	-	-	-	-	-	■	-	-	-	-	-	-
25/07/2008	-	-	-	-	-	-	■	-	-	-	■	-	-	-	■	-	-	-	-	-	-	-	-	■	-	-	-	-	■	-	-	-	-	-	-	-	-	-	-	-	-	-	-	-	-	-	-	-	-	-
01/08/2008	■	-	-	-	-	-	-	-	-	-	-	-	-	-	-	-	-	-	-	-	-	■	-	-	■	-	-	-	-	-	-	-	-	-	-	-	-	-	-	■	-	-	-	-	-	-	-	-	-	■
08/08/2008	-	-	-	■	■	-	-	-	-	-	-	-	-	-	■	■	-	-	-	-	-	-	-	-	-	-	-	-	-	-	-	-	-	-	-	-	-	-	-	-	-	-	-	-	■	-	-	-	-	-
15/08/2008	-	-	-	-	-	-	-	-	-	-	■	-	-	-	-	-	■	■	-	-	-	-	-	-	-	■	-	-	-	-	■	-	-	-	-	-	-	-	-	-	-	-	-	-	-	-	-	-	-	-
22/08/2008	-	-	-	-	-	-	■	-	-	-	-	-	-	-	-	-	-	-	-	-	-	-	-	-	-	-	■	-	■	-	-	-	-	-	-	-	-	-	■	-	-	-	-	-	-	-	-	-	-	■
29/08/2008	-	■	-	-	-	-	-	-	-	-	-	-	-	-	-	-	-	-	-	■	-	-	-	-	■	-	-	-	-	-	-	-	-	-	-	-	■	-	■	-	-	-	-	-	-	-	-	-	-	-
05/09/2008	-	-	-	-	-	-	■	-	-	-	-	■	-	-	-	■	■	-	-	-	-	-	-	-	-	-	-	-	-	-	-	-	-	-	-	-	-	-	■	-	-	-	-	-	-	-	-	-	-	-
12/09/2008	-	-	-	-	-	-	-	-	-	-	-	-	-	-	-	-	-	-	■	-	-	-	■	-	-	-	-	-	-	-	-	-	■	-	-	-	■	-	-	-	-	-	-	-	-	-	-	-	-	■
19/09/2008	-	-	-	-	-	-	-	-	-	-	-	-	-	■	-	■	-	-	■	■	-	-	-	-	-	-	-	-	-	-	■	-	-	-	-	-	-	-	-	-	-	-	-	-	-	-	-	-	-	-
26/09/2008	-	-	-	-	-	-	-	-	-	-	-	-	-	■	-	-	-	-	-	-	-	-	-	-	-	-	-	-	■	-	■	-	■	-	-	-	■	-	-	-	-	-	-	-	-	-	-	-	-	-
03/10/2008	-	-	-	■	-	-	-	-	-	-	-	-	■	-	-	-	-	-	■	-	-	-	■	-	-	-	-	-	-	-	-	-	-	-	-	-	-	■	-	-	-	-	-	-	-	-	-	-	-	-
10/10/2008	-	-	-	■	-	-	-	-	-	-	-	-	-	-	■	-	-	-	-	-	-	■	-	-	-	-	-	-	-	-	■	-	-	-	-	-	-	-	-	-	■	-	-	-	-	-	-	-	-	-
17/10/2008	-	-	■	-	-	-	-	-	-	■	-	■	-	-	-	-	-	-	-	-	-	-	-	-	-	-	-	-	-	-	-	-	-	-	-	-	-	-	-	-	-	■	-	-	-	-	-	-	-	■
24/10/2008	-	-	-	-	-	-	■	-	-	-	-	-	-	-	■	■	■	-	-	-	-	-	-	-	-	-	-	-	-	-	-	-	-	-	-	-	-	-	-	-	-	-	-	-	■	-	-	-	-	-
31/10/2008	-	-	■	-	-	-	-	-	-	-	-	-	-	-	-	-	-	■	-	-	-	-	-	-	■	-	-	-	-	-	-	-	-	■	-	-	-	-	-	-	■	-	-	-	-	-	-	-	-	-
07/11/2008	■	-	-	-	-	-	-	-	■	-	-	■	-	-	-	-	■	■	-	-	-	-	-	-	-	-	-	-	-	-	-	-	-	-	-	-	-	-	-	-	-	-	-	-	-	-	-	-	-	-
14/11/2008	-	-	-	-	-	-	-	■	-	■	-	-	-	■	-	-	-	-	-	-	■	-	-	-	-	■	-	-	-	-	-	-	-	-	-	-	-	-	-	-	-	-	-	-	-	-	-	-	-	-
21/11/2008	-	-	-	-	-	-	-	-	■	-	-	-	-	■	-	-	-	-	-	-	■	-	-	-	-	-	-	-	-	-	-	-	-	-	-	-	-	-	-	-	-	-	-	-	-	-	-	-	■	■
28/11/2008	-	-	-	-	-	-	-	■	-	-	■	-	-	-	-	■	-	-	-	-	-	-	-	-	■	-	-	-	-	-	-	-	-	-	-	-	-	-	-	-	■	-	-	-	-	-	-	-	-	-
05/12/2008	-	-	-	■	-	-	-	■	-	-	-	-	-	-	-	-	-	-	-	-	■	-	-	-	-	-	-	-	-	-	-	-	-	-	■	-	-	-	-	-	-	-	-	-	■	-	-	-	-	-
12/12/2008	-	■	-	-	-	-	-	-	-	-	-	-	-	-	-	-	-	-	■	-	-	-	-	-	-	-	-	■	-	-	-	-	-	-	-	-	-	-	-	-	-	■	-	-	-	-	-	-	■	-
19/12/2008	-	-	-	-	-	-	-	-	-	-	-	-	-	-	-	-	-	-	-	-	-	-	-	-	-	-	-	■	■	-	-	-	-	-	-	-	-	-	-	■	-	-	-	-	-	■	-	-	-	■
26/12/2008	■	■	-	-	-	-	-	-	-	-	-	-	-	-	-	-	-	-	-	-	-	-	-	-	-	■	-	-	-	-	-	-	-	-	-	-	-	-	-	-	-	-	-	■	-	-	-	-	-	■
02/01/2009	-	-	-	-	-	-	-	-	-	-	-	-	-	-	-	-	-	-	-	-	-	-	-	-	-	-	-	-	■	■	-	-	-	-	-	■	■	-	-	-	-	-	-	-	-	-	-	■	-	-
09/01/2009	-	-	-	-	-	-	■	-	-	-	-	-	-	-	■	-	-	-	-	-	-	■	-	-	-	-	-	■	-	-	-	-	-	-	-	-	-	-	-	-	-	-	-	-	-	-	-	■	-	-
16/01/2009	-	-	■	-	-	-	-	-	-	-	-	-	-	-	-	-	■	-	-	-	-	■	-	-	-	-	-	-	-	-	-	-	-	-	-	-	-	-	-	-	-	-	-	-	-	-	-	-	■	■
23/01/2009	-	-	-	-	-	-	-	-	-	-	-	-	-	-	-	-	-	-	-	-	-	-	-	-	-	-	-	-	-	-	-	■	■	-	-	■	-	-	-	■	-	-	-	-	-	-	-	-	■	-
30/01/2009	-	-	-	■	-	-	-	-	-	-	-	-	-	-	-	-	-	-	-	-	-	-	-	-	-	-	-	-	■	-	-	-	-	■	■	-	-	-	-	-	-	-	-	-	-	■	-	-	-	-
06/02/2009	-	-	-	-	-	-	-	-	-	■	-	-	-	-	-	-	-	-	-	■	-	-	-	-	-	-	-	-	-	■	-	-	-	-	-	■	-	-	-	■	-	-	-	-	-	-	-	-	-	-
13/02/2009	-	-	-	-	-	-	-	-	-	-	-	-	-	-	-	-	-	-	-	-	-	■	-	-	-	-	-	-	-	-	-	-	■	-	-	■	-	-	-	■	-	■	-	-	-	-	-	-	-	-
20/02/2009	-	-	-	-	-	-	-	-	■	-	-	■	■	■	-	-	-	-	-	-	-	-	-	-	-	-	-	-	-	-	-	-	-	-	-	-	-	-	-	-	-	-	-	-	-	-	-	■	-	-
27/02/2009	-	-	-	-	■	-	-	-	■	-	-	-	-	-	-	-	-	-	-	-	-	-	-	-	-	-	-	-	-	-	-	-	-	-	-	-	■	-	-	-	-	-	-	■	■	-	-	-	-	-
06/03/2009	-	-	-	-	-	-	-	-	-	-	-	-	■	-	-	-	■	-	■	-	-	-	-	-	■	-	-	-	-	-	-	-	-	-	■	-	-	-	-	-	-	-	-	-	-	-	-	-	-	-
13/03/2009	-	-	-	-	-	-	-	-	-	-	-	■	-	-	-	-	-	-	-	-	-	-	-	■	-	■	-	-	-	-	-	-	-	-	-	■	-	-	-	-	-	■	-	-	-	-	-	-	-	-
20/03/2009	-	-	-	-	-	-	-	-	-	-	-	■	-	-	-	■	-	-	-	-	-	-	■	-	-	-	-	-	-	-	■	-	-	-	■	-	-	-	-	-	-	-	-	-	-	-	-	-	-	-
27/03/2009	-	-	-	-	-	-	-	-	-	-	-	-	-	-	-	-	-	-	-	-	-	-	-	-	■	-	-	-	-	-	-	-	■	-	-	■	-	■	-	-	-	■	-	-	-	-	-	-	-	-
03/04/2009	-	■	-	-	-	-	-	-	-	-	-	-	-	-	-	-	-	-	-	■	-	-	-	■	-	-	-	-	-	-	-	■	-	-	-	-	-	-	-	-	-	-	-	-	-	■	-	-	-	-
10/04/2009	-	-	-	-	-	-	-	-	■	-	-	-	-	■	-	■	-	-	-	-	-	-	-	-	-	-	-	-	-	-	-	-	-	-	-	-	■	-	-	-	-	-	-	-	-	■	-	-	-	-
17/04/2009	-	-	-	■	-	-	■	-	-	-	-	-	-	-	-	-	-	-	-	-	■	-	-	-	-	-	-	-	-	-	-	-	-	-	-	-	-	-	-	-	-	-	-	■	-	-	■	-	-	-
24/04/2009	-	-	-	■	-	-	-	-	-	-	-	-	-	■	-	-	-	-	-	-	■	-	-	■	-	-	-	-	-	-	-	-	-	-	-	-	-	-	-	-	■	-	-	-	-	-	-	-	-	-
01/05/2009	-	-	-	-	■	-	-	-	-	-	-	-	-	-	-	-	-	-	■	-	-	-	-	-	-	-	-	-	-	-	■	-	-	-	-	-	-	■	-	-	-	-	-	-	-	-	■	-	-	-
08/05/2009	-	-	-	■	-	-	-	-	-	-	-	-	-	-	-	-	-	-	-	-	-	-	■	■	-	-	-	-	■	-	■	-	-	-	-	-	-	-	-	-	-	-	-	-	-	-	-	-	-	-
15/05/2009	-	-	-	-	-	-	-	■	-	-	-	-	-	-	-	-	-	■	■	■	-	-	-	-	-	-	-	-	-	-	-	-	-	-	-	-	-	-	-	-	-	■	-	-	-	-	-	-	-	-
22/05/2009	-	-	-	■	-	-	-	-	-	-	-	-	■	■	-	-	-	-	-	-	-	-	-	-	-	-	-	-	-	-	-	-	■	-	-	-	-	-	-	-	-	-	■	-	-	-	-	-	-	-
29/05/2009	-	■	-	-	■	-	-	-	-	-	-	-	-	-	-	-	-	-	-	-	-	-	-	-	-	-	-	-	-	■	-	-	-	-	-	-	■	-	-	-	-	-	-	-	-	-	■	-	-	-
05/06/2009	-	-	-	-	-	-	-	-	-	-	■	-	-	-	-	-	-	-	■	-	-	-	-	-	-	■	-	-	-	-	-	-	-	-	■	-	-	-	-	■	-	-	-	-	-	-	-	-	-	-
12/06/2009	-	-	-	-	-	■	-	-	-	-	-	-	-	■	-	■	-	-	-	-	-	-	-	-	-	-	-	-	-	-	-	-	-	■	-	-	-	-	-	-	-	-	-	-	-	-	-	-	-	■
19/06/2009	-	-	-	■	-	-	-	-	-	-	-	-	-	-	-	■	■	-	-	■	-	-	-	-	-	-	-	-	■	-	-	-	-	-	-	-	-	-	-	-	-	-	-	-	-	-	-	-	-	-
26/06/2009	-	-	-	-	-	■	-	-	-	-	■	-	-	-	-	-	-	-	-	-	■	-	-	-	-	-	-	-	-	■	-	-	-	-	-	-	-	-	■	-	-	-	-	-	-	-	-	-	-	-
03/07/2009	-	-	-	-	-	-	-	-	-	-	-	-	-	-	-	-	-	-	-	-	■	-	-	-	-	-	-	-	■	-	-	-	-	■	-	-	-	-	-	-	-	-	-	-	-	■	■	-	-	-
10/07/2009	-	-	-	-	-	■	-	-	-	-	-	-	-	-	-	■	-	-	-	■	-	-	-	-	-	-	-	-	-	-	-	-	-	-	-	-	-	-	-	-	-	■	-	-	-	■	-	-	-	-
17/07/2009	-	■	-	-	-	-	-	■	-	-	-	-	-	-	-	-	■	-	-	-	-	-	-	-	-	-	-	-	-	-	-	■	-	-	-	-	-	-	-	-	-	-	-	-	-	-	-	-	-	■
24/07/2009	-	-	-	-	-	-	-	-	-	-	-	-	-	■	■	-	-	-	-	-	-	-	-	-	■	-	-	-	-	-	-	-	-	-	■	-	-	-	-	-	-	-	-	-	-	-	■	-	-	-
31/07/2009	-	-	-	-	■	-	-	-	■	-	-	-	-	-	-	-	-	-	-	■	■	-	-	-	-	■	-	-	-	-	-	-	-	-	-	-	-	-	-	-	-	-	-	-	-	-	-	-	-	-
07/08/2009	-	-	-	-	-	-	-	-	-	■	-	-	-	-	-	-	-	-	-	■	-	■	-	■	-	-	-	-	-	-	■	-	-	-	-	-	-	-	-	-	-	-	-	-	-	-	-	-	-	-
14/08/2009	-	-	-	-	■	-	-	■	-	-	-	-	-	-	-	-	-	-	-	-	-	-	-	■	-	-	-	-	-	■	-	-	-	-	-	-	-	-	-	-	-	-	-	-	-	-	-	-	■	-
21/08/2009	-	-	-	■	-	-	■	-	-	-	-	-	-	-	-	■	-	-	-	-	-	-	-	-	-	-	-	-	-	-	■	-	-	-	-	-	-	-	-	-	-	■	-	-	-	-	-	-	-	-
28/08/2009	-	-	-	-	-	-	-	■	-	-	-	-	-	-	-	-	-	-	-	-	-	-	-	-	-	-	-	-	-	-	-	-	-	-	-	■	■	-	-	-	■	-	-	-	-	-	-	-	■	-
04/09/2009	-	-	-	-	-	■	-	-	■	-	-	-	-	-	-	-	-	-	-	■	-	-	-	-	-	-	-	-	-	-	-	-	-	-	-	-	-	■	■	-	-	-	-	-	-	-	-	-	-	-
11/09/2009	-	-	-	-	-	-	-	-	-	-	-	■	-	-	■	-	-	-	-	-	-	-	-	-	-	-	-	-	-	-	-	-	-	-	■	-	-	-	-	-	-	■	■	-	-	-	-	-	-	-
18/09/2009	-	-	-	-	-	■	-	-	-	-	-	-	-	-	-	■	-	-	-	-	-	-	-	-	-	-	-	-	-	■	-	-	-	-	-	-	-	■	-	-	■	-	-	-	-	-	-	-	-	-
25/09/2009	-	-	-	-	-	■	-	-	-	-	-	-	-	-	-	-	■	■	-	-	■	-	-	-	-	-	-	-	-	-	-	-	-	■	-	-	-	-	-	-	-	-	-	-	-	-	-	-	-	-
02/10/2009	-	-	-	-	-	-	-	-	-	-	-	-	-	-	-	-	-	-	-	-	-	■	■	■	-	-	-	-	■	-	-	-	-	-	-	-	-	-	-	-	-	-	-	■	-	-	-	-	-	-
09/10/2009	-	-	-	-	-	-	■	-	-	-	■	-	-	-	-	-	-	-	-	-	-	-	-	-	-	-	-	-	■	-	-	-	-	-	-	-	-	-	-	-	-	-	-	-	-	■	-	-	-	■
16/10/2009	-	-	-	-	-	-	-	-	-	-	-	■	-	-	-	-	-	-	-	-	-	-	■	-	-	-	-	-	-	■	■	-	-	-	-	-	-	-	-	-	-	-	-	-	-	-	■	-	-	-
23/10/2009	-	-	-	-	-	■	-	-	-	-	-	-	-	-	-	-	-	■	-	■	-	-	-	-	-	-	-	-	■	-	■	-	-	-	-	-	-	-	-	-	-	-	-	-	-	-	-	-	-	-
30/10/2009	-	-	-	-	-	-	-	-	■	-	-	-	-	-	-	-	-	-	-	-	-	-	-	-	-	-	-	-	-	-	-	-	■	-	■	-	-	■	-	■	-	-	-	-	-	-	-	-	-	-
06/11/2009	-	-	-	-	-	-	-	-	-	-	■	-	-	-	-	-	-	-	■	-	-	-	-	-	-	-	-	-	-	-	-	-	-	■	-	-	-	-	-	-	-	-	■	-	■	-	-	-	-	-
13/11/2009	-	-	-	-	-	-	-	-	-	-	-	-	■	-	■	-	-	-	-	-	-	-	-	-	■	■	-	-	-	-	-	■	-	-	-	-	-	-	-	-	-	-	-	-	-	-	-	-	-	-
20/11/2009	-	-	-	-	■	-	-	-	■	-	-	-	-	-	-	-	-	-	-	-	-	-	-	-	-	-	-	■	-	-	-	-	-	-	-	-	-	-	-	-	-	-	■	-	-	-	■	-	-	-
27/11/2009	-	-	-	-	■	-	-	■	-	-	-	-	■	-	■	-	-	-	-	-	-	-	-	-	-	-	-	-	-	-	-	-	■	-	-	-	-	-	-	-	-	-	-	-	-	-	-	-	-	-
04/12/2009	-	-	-	-	-	-	-	-	-	-	-	-	-	-	-	-	-	■	■	-	-	-	-	-	■	-	-	-	-	■	-	-	-	-	-	-	-	-	-	-	-	-	-	■	-	-	-	-	-	-
11/12/2009	-	-	-	-	-	-	-	-	-	-	-	-	-	-	-	-	-	-	-	■	-	-	-	-	-	-	-	-	-	-	-	-	-	-	-	-	-	-	-	-	■	-	■	■	-	■	-	-	-	-
18/12/2009	-	-	-	-	-	-	-	-	-	-	-	-	-	■	-	-	-	-	-	-	-	-	-	-	-	-	-	-	-	■	-	■	-	-	■	-	-	-	-	-	-	-	-	-	-	-	-	-	■	-
25/12/2009	-	-	-	■	■	-	-	-	-	-	-	-	-	■	-	-	■	-	-	-	-	-	-	-	-	-	-	-	-	-	-	-	-	■	-	-	-	-	-	-	-	-	-	-	-	-	-	-	-	-
01/01/2010	-	-	-	-	-	-	-	-	■	-	-	-	-	-	-	-	-	-	-	-	-	■	-	■	-	-	■	-	-	-	-	-	-	-	-	■	-	-	-	-	-	-	-	-	-	-	-	-	-	-
08/01/2010	-	-	-	■	■	-	-	-	-	-	-	-	-	■	-	-	-	-	-	-	-	-	-	-	-	-	-	-	-	-	-	-	-	-	-	-	-	-	-	-	-	-	-	■	-	■	-	-	-	-
15/01/2010	-	-	-	-	-	-	-	-	-	-	■	-	-	-	-	-	-	-	-	-	-	-	-	-	-	■	-	-	■	-	-	-	-	-	-	-	-	-	-	-	-	-	-	-	-	-	-	-	■	■
22/01/2010	-	-	-	■	-	-	-	-	-	-	-	-	-	-	-	-	-	-	-	-	-	■	-	-	-	-	■	-	-	-	-	-	-	-	-	■	-	-	-	-	-	-	-	■	-	-	-	-	-	-
29/01/2010	-	-	-	-	-	-	-	-	■	-	-	-	-	-	-	-	■	-	-	-	-	-	-	-	-	-	-	-	-	■	-	-	-	-	-	-	-	-	■	-	-	-	■	-	-	-	-	-	-	-
05/02/2010	-	-	-	-	-	-	-	-	-	-	-	-	-	-	-	-	-	-	-	-	-	-	-	-	-	-	-	-	-	-	-	-	-	■	■	-	-	■	■	-	-	-	-	-	-	■	-	-	-	-
12/02/2010	■	-	-	-	■	-	-	-	-	-	-	-	-	-	-	-	-	■	-	-	-	-	-	-	-	-	-	-	-	-	-	-	-	-	-	-	-	■	-	-	-	-	-	-	■	-	-	-	-	-
19/02/2010	-	-	-	-	-	-	-	-	-	-	-	■	-	-	-	-	-	-	-	-	-	-	-	-	-	-	-	-	-	-	■	-	-	-	-	-	■	■	-	-	-	-	■	-	-	-	-	-	-	-
26/02/2010	-	-	-	-	-	-	■	-	-	-	■	-	-	-	-	-	-	■	-	-	-	-	-	-	-	-	-	-	■	-	-	-	-	-	-	-	-	-	-	-	-	■	-	-	-	-	-	-	-	-
05/03/2010	-	-	-	-	-	-	-	-	-	-	-	■	-	-	-	-	-	■	■	-	-	-	-	-	-	-	-	-	-	-	-	-	-	-	-	-	-	-	-	-	-	-	■	-	-	-	-	-	■	-
12/03/2010	■	-	-	-	-	-	-	-	-	-	-	-	-	-	-	-	-	-	-	-	-	-	-	-	-	■	-	-	-	-	-	-	■	-	-	■	-	-	-	-	-	-	-	-	-	■	-	-	-	-
19/03/2010	-	-	-	-	-	-	-	-	-	■	-	-	-	-	-	-	-	-	-	-	-	-	-	-	-	-	-	■	-	■	-	-	-	-	-	-	-	■	■	-	-	-	-	-	-	-	-	-	-	-
26/03/2010	-	-	-	-	-	-	-	■	-	-	-	-	-	-	-	■	-	■	-	-	-	-	-	-	-	-	-	-	-	-	-	-	-	-	-	-	■	-	-	-	-	-	■	-	-	-	-	-	-	-
02/04/2010	-	-	-	-	-	-	-	-	-	-	-	■	-	-	-	-	-	■	-	-	-	-	-	■	-	■	-	-	-	-	-	-	-	-	-	-	-	-	-	-	-	-	-	-	■	-	-	-	-	-
09/04/2010	-	-	-	-	-	-	■	-	-	-	-	-	-	-	-	-	-	-	-	-	■	-	■	■	-	-	-	-	-	-	-	-	-	-	-	-	-	-	-	-	-	-	-	■	-	-	-	-	-	-
16/04/2010	-	-	-	-	-	-	-	-	■	-	■	-	-	-	-	-	■	-	-	-	-	-	-	-	-	■	-	-	-	-	-	-	-	-	-	-	-	-	-	■	-	-	-	-	-	-	-	-	-	-
23/04/2010	-	-	■	-	-	-	■	■	-	-	-	-	-	-	-	-	-	-	-	-	-	-	-	-	-	-	-	-	-	-	-	-	-	-	-	-	-	-	-	-	-	-	■	-	-	■	-	-	-	-
30/04/2010	-	-	-	-	-	■	-	-	-	-	-	-	-	-	-	-	-	-	-	-	-	■	-	■	■	-	-	-	-	-	-	-	-	-	-	■	-	-	-	-	-	-	-	-	-	-	-	-	-	-
07/05/2010	-	-	■	-	-	■	-	-	-	-	-	-	-	-	■	-	-	-	-	-	■	-	-	-	-	-	-	-	-	-	-	■	-	-	-	-	-	-	-	-	-	-	-	-	-	-	-	-	-	-
14/05/2010	■	-	-	-	-	-	-	-	-	-	-	-	-	-	-	-	■	-	-	-	-	-	-	-	-	-	-	-	-	-	■	-	-	-	-	-	-	-	-	-	-	-	■	-	-	-	■	-	-	-
21/05/2010	-	-	-	-	-	-	■	-	-	-	-	-	-	-	-	-	-	-	■	-	-	-	-	-	-	-	-	-	-	■	-	-	-	-	-	-	-	■	-	-	-	-	-	-	-	-	-	-	-	■
28/05/2010	-	-	-	■	-	-	-	-	■	-	-	-	-	-	-	-	-	-	-	-	-	-	-	-	-	-	-	-	-	-	■	■	■	-	-	-	-	-	-	-	-	-	-	-	-	-	-	-	-	-
04/06/2010	-	-	-	■	-	-	-	-	-	-	-	-	-	-	-	-	■	-	-	-	-	-	-	-	-	-	-	-	-	-	-	-	-	■	-	-	-	-	-	■	-	■	-	-	-	-	-	-	-	-
11/06/2010	-	■	-	-	-	-	-	-	-	-	-	-	-	-	-	-	-	-	-	-	-	■	-	■	-	-	-	-	-	-	-	-	-	-	-	■	-	-	-	-	-	-	-	■	-	-	-	-	-	-
18/06/2010	-	■	-	-	-	-	-	-	-	-	-	-	-	-	-	-	-	-	-	-	-	-	-	-	-	-	-	-	■	-	■	■	-	-	-	-	-	■	-	-	-	-	-	-	-	-	-	-	-	-
25/06/2010	■	-	-	-	-	-	-	■	-	-	-	-	-	-	-	-	-	■	-	-	-	-	-	-	-	-	-	■	-	-	■	-	-	-	-	-	-	-	-	-	-	-	-	-	-	-	-	-	-	-
02/07/2010	-	-	-	-	-	-	-	-	-	-	-	■	■	-	-	-	-	-	-	-	-	-	-	-	-	-	-	-	-	-	-	-	-	-	-	■	-	-	-	-	■	-	-	-	-	■	-	-	-	-
09/07/2010	-	-	-	-	-	-	-	-	■	-	-	-	-	-	-	-	-	-	-	-	-	-	-	■	-	-	-	-	-	-	-	-	-	-	-	-	■	-	■	-	-	-	-	-	-	-	-	-	■	-
16/07/2010	-	-	-	-	-	-	-	-	-	-	-	-	-	-	-	-	-	-	-	-	-	-	-	-	-	-	-	-	-	-	-	-	-	-	-	-	-	■	■	-	-	-	-	-	■	■	-	-	■	-
23/07/2010	-	-	-	■	-	-	-	-	-	-	-	-	■	-	-	-	-	-	-	-	-	-	-	-	-	-	-	-	-	-	-	-	-	-	■	-	■	-	-	-	-	-	-	-	-	■	-	-	-	-
30/07/2010	-	-	■	■	-	-	-	-	-	-	■	-	-	-	-	-	-	-	-	-	-	-	-	-	-	-	-	■	-	-	-	-	-	-	-	-	-	-	■	-	-	-	-	-	-	-	-	-	-	-
06/08/2010	-	-	-	-	-	-	-	-	-	-	-	-	■	-	-	-	-	-	-	-	-	-	-	-	■	-	-	■	■	-	-	-	-	-	-	-	-	-	-	-	-	■	-	-	-	-	-	-	-	-
13/08/2010	-	-	-	■	-	-	-	-	■	-	-	-	-	-	■	-	-	-	-	-	■	-	-	-	-	-	-	-	-	-	-	-	-	-	-	-	-	-	-	-	-	-	-	-	-	-	■	-	-	-
20/08/2010	-	-	-	-	■	-	-	-	-	-	-	-	-	-	-	-	-	-	-	-	-	-	-	-	-	-	■	-	-	-	■	-	-	-	-	-	-	-	-	■	-	■	-	-	-	-	-	-	-	-
27/08/2010	■	-	-	-	-	■	-	-	-	-	-	-	■	-	-	-	-	-	-	-	-	-	-	-	-	-	-	-	-	■	-	-	-	-	-	-	-	-	-	-	-	-	-	-	-	-	-	-	■	-
03/09/2010	-	-	-	-	-	-	-	-	-	-	-	-	■	-	-	-	-	-	-	-	-	-	-	■	-	■	-	-	-	-	-	-	-	-	-	-	-	-	-	-	-	-	-	-	-	-	■	-	■	-
10/09/2010	-	-	-	-	-	-	-	-	-	-	-	-	-	-	-	-	■	-	-	-	■	-	-	-	-	-	-	-	-	-	-	-	-	-	■	-	-	-	-	-	■	-	-	-	■	-	-	-	-	-
17/09/2010	-	-	-	-	-	-	-	-	-	-	-	-	-	-	-	-	■	-	-	-	-	-	-	-	-	-	■	-	■	-	-	-	-	-	-	-	-	■	-	-	-	-	-	-	-	-	-	-	-	■
24/09/2010	■	-	-	■	-	-	-	-	-	-	-	-	-	-	-	■	-	-	-	-	-	-	-	-	-	-	-	-	-	-	-	-	-	-	-	-	-	-	-	■	-	-	-	-	-	-	-	■	-	-
01/10/2010	■	-	-	■	-	■	-	-	-	-	-	-	-	-	-	-	-	-	-	-	-	-	-	-	-	-	■	-	-	-	-	-	-	-	-	-	-	-	-	-	-	-	-	-	-	-	-	■	-	-
08/10/2010	-	-	-	-	-	-	-	-	■	-	-	-	-	-	-	-	-	-	-	-	-	-	-	-	-	-	-	-	-	■	-	-	-	-	■	-	-	-	■	-	-	-	-	-	-	■	-	-	-	-
15/10/2010	-	■	-	-	-	-	-	-	-	-	-	-	-	-	-	-	-	-	-	-	-	-	-	-	-	-	-	-	-	-	■	-	-	-	-	■	-	■	-	-	-	-	■	-	-	-	-	-	-	-
22/10/2010	-	-	-	■	■	-	-	-	■	-	■	-	-	-	-	-	-	-	-	-	-	-	-	-	-	-	-	-	-	-	-	-	-	-	-	-	-	-	■	-	-	-	-	-	-	-	-	-	-	-
29/10/2010	-	-	-	-	-	-	-	-	-	-	-	-	-	-	-	■	-	-	-	■	-	■	-	-	-	-	-	-	-	-	-	■	-	-	-	-	-	-	-	-	-	■	-	-	-	-	-	-	-	-
05/11/2010	-	-	-	-	-	-	-	-	-	-	-	-	-	-	-	-	-	-	-	-	■	-	■	-	-	-	-	-	-	-	-	-	■	-	-	-	-	-	-	■	-	-	-	-	-	-	-	-	-	■
12/11/2010	-	-	-	-	-	-	■	-	-	-	-	-	-	-	-	-	-	-	■	-	-	-	■	-	-	-	-	-	■	-	-	-	-	-	-	-	-	-	-	-	-	-	-	-	-	-	■	-	-	-
19/11/2010	-	-	-	-	-	-	-	-	-	-	-	■	-	-	■	-	-	-	-	-	-	-	-	-	-	-	-	-	-	-	-	■	-	-	-	■	-	-	-	-	-	-	-	-	■	-	-	-	-	-
26/11/2010	-	-	-	-	-	-	-	-	■	-	-	-	-	-	-	-	-	-	-	-	-	-	-	-	-	-	-	■	-	-	-	-	-	-	-	■	-	-	-	-	■	-	-	-	-	-	-	-	■	-
03/12/2010	-	-	-	-	-	-	-	■	-	-	-	-	-	-	-	-	-	-	■	-	-	-	-	-	-	-	-	■	-	-	-	■	-	-	-	-	-	-	-	-	-	-	-	-	-	■	-	-	-	-
10/12/2010	-	■	■	-	-	-	-	-	-	■	-	-	-	-	-	-	-	-	-	-	-	-	-	-	-	-	-	-	-	-	-	-	■	-	-	-	-	-	-	-	-	-	-	-	-	■	-	-	-	-
17/12/2010	-	-	■	-	-	-	-	-	-	-	-	-	-	-	-	-	-	-	-	■	-	-	-	-	-	-	-	-	■	-	-	-	-	-	■	-	-	-	-	-	-	■	-	-	-	-	-	-	-	-
24/12/2010	-	-	-	-	-	-	-	-	-	-	-	-	-	-	-	-	-	-	■	-	-	-	-	-	-	-	-	-	-	-	-	-	-	-	-	■	-	■	-	-	-	■	-	-	-	■	-	-	-	-
31/12/2010	-	■	-	-	-	-	-	-	-	-	-	-	-	-	-	-	-	-	-	-	-	-	-	■	-	-	-	-	-	-	-	-	-	■	-	-	-	■	-	-	-	-	■	-	-	-	-	-	-	-
07/01/2011	■	-	-	-	-	-	-	-	-	-	-	-	-	-	-	-	-	-	-	-	-	■	-	-	-	-	-	-	-	-	-	■	-	-	-	-	-	-	-	-	-	-	-	-	-	-	-	■	-	■
14/01/2011	-	■	-	-	-	-	-	-	-	-	-	-	-	■	-	-	-	-	-	-	-	-	-	■	-	-	-	-	-	-	-	-	-	-	-	-	-	-	■	-	-	-	-	■	-	-	-	-	-	-
21/01/2011	-	-	■	-	-	-	-	-	-	-	■	-	■	-	-	-	-	■	-	-	■	-	-	-	-	-	-	-	-	-	-	-	-	-	-	-	-	-	-	-	-	-	-	-	-	-	-	-	-	-
28/01/2011	-	-	-	-	-	-	-	-	-	-	-	-	■	-	-	-	-	-	-	-	-	-	■	■	-	-	-	-	-	-	-	-	-	-	-	-	-	-	-	-	■	■	-	-	-	-	-	-	-	-
04/02/2011	-	■	-	-	-	-	-	-	-	-	■	-	-	-	-	-	-	-	-	-	-	-	-	■	-	-	-	-	-	-	-	-	-	-	■	-	-	-	-	-	-	-	-	-	-	-	■	-	-	-
11/02/2011	-	-	-	-	-	-	-	-	-	-	-	■	-	■	■	-	-	-	■	-	-	-	■	-	-	-	-	-	-	-	-	-	-	-	-	-	-	-	-	-	-	-	-	-	-	-	-	-	-	-
18/02/2011	-	■	■	-	-	-	-	-	-	-	-	-	-	-	■	-	-	-	-	-	-	-	-	-	-	-	-	-	-	-	-	-	-	-	-	-	-	-	-	-	-	-	-	-	■	-	-	-	■	-
25/02/2011	-	-	-	-	-	-	-	-	-	-	-	■	■	-	-	-	-	-	-	-	-	-	-	-	-	-	-	-	-	-	-	-	-	-	-	-	-	-	-	-	-	■	-	-	■	-	-	■	-	-
04/03/2011	-	-	-	-	-	-	-	-	-	-	■	-	-	-	-	-	-	-	-	-	-	-	-	-	■	-	■	■	-	-	-	-	-	-	-	-	-	-	-	-	■	-	-	-	-	-	-	-	-	-
11/03/2011	-	-	-	-	-	-	-	-	-	-	-	-	-	-	-	-	■	-	■	-	-	-	-	■	-	-	-	-	-	-	-	-	-	-	-	-	■	-	-	-	-	-	-	-	-	■	-	-	-	-
18/03/2011	■	-	-	-	-	-	-	-	-	-	-	-	■	-	-	-	-	-	-	■	-	-	-	-	-	■	-	-	-	-	-	-	-	-	-	-	-	-	-	-	-	-	-	-	-	-	-	-	-	■
25/03/2011	-	-	-	-	-	■	-	-	-	-	-	■	-	-	-	-	-	-	-	-	■	-	-	-	-	-	■	-	-	-	-	-	■	-	-	-	-	-	-	-	-	-	-	-	-	-	-	-	-	-
01/04/2011	-	-	-	■	-	-	-	-	-	-	-	-	-	-	-	-	■	-	-	-	■	■	-	-	-	-	-	-	-	-	-	-	■	-	-	-	-	-	-	-	-	-	-	-	-	-	-	-	-	-
08/04/2011	-	-	-	-	-	-	-	-	-	-	-	-	-	-	-	-	-	-	-	-	■	-	■	-	-	-	-	-	-	-	-	-	-	-	-	-	-	■	-	-	-	-	-	-	-	-	■	-	-	■
15/04/2011	-	-	-	■	-	■	-	-	-	-	-	-	-	-	-	-	-	-	-	-	■	-	-	-	-	-	-	-	-	-	-	-	-	-	-	-	-	-	■	-	■	-	-	-	-	-	-	-	-	-
22/04/2011	-	-	-	-	-	-	-	-	-	-	■	-	-	-	-	-	-	-	-	-	-	■	-	-	-	-	-	-	-	-	-	-	-	-	-	■	-	-	-	-	-	-	-	-	■	-	-	■	-	-
29/04/2011	-	-	-	-	-	-	-	-	-	-	-	-	-	-	■	-	-	-	-	-	-	-	-	-	■	-	-	-	-	-	-	-	-	-	-	-	-	■	-	■	■	-	-	-	-	-	-	-	-	-
06/05/2011	-	-	-	-	-	-	-	-	-	-	■	-	-	-	-	■	-	-	-	■	-	■	-	-	-	-	-	■	-	-	-	-	-	-	-	-	-	-	-	-	-	-	-	-	-	-	-	-	-	-
10/05/2011	-	-	■	-	-	-	-	-	-	■	-	-	-	-	■	-	-	-	-	-	-	-	-	-	-	-	-	■	-	-	-	-	-	-	-	-	-	-	-	-	-	-	-	-	■	-	-	-	-	-
13/05/2011	-	-	-	-	-	-	-	-	■	-	■	-	-	-	-	-	■	-	-	-	-	-	-	-	-	-	-	-	-	-	-	-	-	-	-	■	-	-	-	-	-	-	-	-	-	-	■	-	-	-
17/05/2011	-	-	-	-	-	-	-	-	-	-	-	-	-	-	-	-	-	-	-	■	■	-	-	-	-	-	-	-	-	-	-	-	-	-	-	-	■	-	-	-	-	-	-	-	■	■	-	-	-	-
20/05/2011	-	-	-	-	-	-	-	-	-	■	-	-	-	■	-	-	-	-	-	■	-	-	-	-	■	-	-	-	-	-	-	-	-	-	-	-	-	-	-	-	-	■	-	-	-	-	-	-	-	-
24/05/2011	-	-	-	-	-	-	-	-	-	-	-	-	-	-	-	■	-	-	-	-	-	-	■	■	-	■	-	-	■	-	-	-	-	-	-	-	-	-	-	-	-	-	-	-	-	-	-	-	-	-
27/05/2011	-	-	-	-	-	-	-	-	■	-	-	-	-	-	-	-	■	-	-	-	-	-	-	-	■	-	-	■	-	-	-	-	-	-	-	-	-	-	-	-	-	-	-	-	-	-	-	-	■	-
31/05/2011	■	-	-	-	-	-	-	-	■	■	-	-	-	-	-	-	-	-	-	-	-	■	-	-	-	-	-	-	-	-	-	-	-	-	-	-	-	-	-	-	-	-	-	-	-	-	-	-	-	■
03/06/2011	-	-	-	■	-	-	-	-	-	-	-	-	-	-	-	-	-	-	-	-	-	-	-	-	-	-	-	-	-	-	-	-	-	-	-	-	-	-	■	■	-	-	-	-	-	-	-	-	■	■
07/06/2011	-	-	-	-	-	■	-	-	-	-	-	-	-	-	-	-	-	-	-	-	-	-	-	-	■	-	-	-	-	-	-	-	-	-	-	■	-	■	-	■	-	-	-	-	-	-	-	-	-	-
10/06/2011	-	-	■	-	-	-	-	-	-	-	-	-	-	-	-	-	-	-	■	■	-	-	-	-	-	-	-	-	-	-	-	-	-	-	-	-	■	-	-	-	-	-	-	-	-	-	-	■	-	-
14/06/2011	-	-	-	-	■	-	-	-	-	-	-	■	-	-	-	-	-	-	■	-	-	-	-	-	-	-	-	-	-	-	-	-	-	-	-	-	-	-	-	-	■	-	-	-	-	-	-	■	-	-
17/06/2011	-	-	-	-	-	-	-	-	-	-	■	-	-	-	-	■	-	-	-	-	■	■	-	-	-	-	-	-	-	-	-	-	-	-	-	-	-	-	-	-	-	-	-	■	-	-	-	-	-	-
21/06/2011	-	-	-	-	-	-	-	-	-	-	-	-	-	-	-	-	■	-	-	■	-	-	-	-	-	-	-	-	-	-	-	-	-	-	■	-	-	-	-	-	-	-	-	-	-	-	-	-	■	■
24/06/2011	-	-	-	-	■	-	-	-	-	-	-	-	-	-	-	■	-	-	-	■	-	-	-	-	-	-	-	-	-	■	-	-	-	-	-	-	-	-	-	-	■	-	-	-	-	-	-	-	-	-
28/06/2011	-	-	-	-	-	-	-	-	-	-	-	-	-	-	■	■	-	-	-	-	-	-	-	-	-	-	-	-	-	■	-	-	-	-	-	-	-	-	-	-	-	-	-	■	-	-	-	-	-	■
01/07/2011	-	-	-	-	-	-	-	■	-	-	■	-	-	-	-	-	-	-	-	-	-	-	■	-	-	-	-	-	-	-	■	-	-	-	-	-	-	-	-	-	-	-	-	-	-	■	-	-	-	-
05/07/2011	-	-	-	-	-	-	-	-	-	-	■	-	-	-	-	-	-	-	-	-	-	-	-	-	-	-	-	■	■	-	-	-	-	-	-	-	-	-	-	-	-	-	-	-	-	-	■	-	■	-
08/07/2011	-	-	-	-	-	-	-	-	-	-	-	■	■	-	-	-	-	-	-	-	-	-	■	-	-	-	-	-	-	-	-	-	-	-	-	-	-	-	-	■	-	-	-	-	-	-	-	-	■	-
12/07/2011	-	-	-	-	-	-	-	-	-	-	-	-	-	-	-	-	■	-	■	-	-	-	-	-	-	-	-	-	-	-	-	-	-	-	-	-	-	■	-	-	-	■	-	-	■	-	-	-	-	-
15/07/2011	-	-	-	-	-	■	-	-	-	-	-	-	-	-	-	-	-	-	-	-	-	-	-	-	-	■	-	-	-	-	-	-	■	■	-	-	-	-	■	-	-	-	-	-	-	-	-	-	-	-
19/07/2011	-	-	■	-	-	-	-	-	-	-	-	-	-	-	-	■	-	-	-	-	-	-	-	-	■	■	-	-	-	-	-	-	-	-	■	-	-	-	-	-	-	-	-	-	-	-	-	-	-	-
22/07/2011	-	-	-	■	-	-	-	-	-	-	-	-	-	-	■	-	-	-	-	-	-	-	■	-	-	-	-	-	-	-	-	-	-	-	-	-	-	-	-	-	-	-	-	-	-	-	-	-	■	■
26/07/2011	■	-	-	-	■	-	-	-	-	-	-	-	-	-	-	-	-	-	-	-	-	■	-	-	■	-	-	-	-	-	-	-	-	-	-	-	-	-	-	-	-	-	-	-	-	-	-	■	-	-
29/07/2011	-	-	-	-	-	-	-	-	-	-	-	■	-	-	-	-	-	-	■	-	-	-	-	-	-	-	■	-	-	-	-	-	-	-	-	-	■	■	-	-	-	-	-	-	-	-	-	-	-	-
02/08/2011	-	-	-	-	■	-	-	■	-	-	-	-	-	■	-	-	-	-	-	-	-	-	-	■	-	-	-	-	-	-	-	-	■	-	-	-	-	-	-	-	-	-	-	-	-	-	-	-	-	-
05/08/2011	-	-	-	-	-	-	-	-	-	-	-	-	■	■	-	-	-	■	-	-	-	-	-	-	-	-	-	-	-	-	-	■	-	■	-	-	-	-	-	-	-	-	-	-	-	-	-	-	-	-
09/08/2011	-	-	-	-	-	-	■	-	-	-	-	-	-	-	-	-	-	-	-	-	-	-	■	■	-	-	-	-	-	-	-	-	-	■	-	■	-	-	-	-	-	-	-	-	-	-	-	-	-	-
12/08/2011	-	-	-	-	-	-	■	-	-	■	-	-	-	-	-	-	-	-	-	■	-	-	-	-	-	-	■	-	-	-	-	-	-	-	-	-	■	-	-	-	-	-	-	-	-	-	-	-	-	-
16/08/2011	■	-	-	-	-	-	-	-	-	-	-	-	■	-	-	-	■	■	-	-	-	-	-	-	-	-	-	-	-	-	-	-	-	-	-	-	-	-	-	-	-	-	-	-	■	-	-	-	-	-
19/08/2011	-	-	-	-	-	■	-	-	-	-	-	-	-	■	-	■	-	-	-	-	-	-	-	-	-	-	-	■	-	-	■	-	-	-	-	-	-	-	-	-	-	-	-	-	-	-	-	-	-	-
23/08/2011	-	-	-	■	-	■	-	-	-	-	-	-	-	■	-	-	-	-	-	-	-	-	-	-	-	-	-	-	-	-	-	-	-	-	-	-	-	-	-	-	-	■	-	-	-	-	-	-	-	■
26/08/2011	-	-	-	-	-	-	-	-	-	-	-	■	-	-	-	-	-	-	-	-	-	■	-	-	■	-	-	-	-	-	-	-	■	-	-	-	-	-	-	-	-	-	-	-	■	-	-	-	-	-
30/08/2011	-	■	-	-	-	-	-	■	-	■	-	-	-	-	-	-	-	-	■	-	-	-	-	-	-	-	-	-	-	-	-	-	-	-	-	-	-	-	-	-	-	-	-	-	-	■	-	-	-	-
02/09/2011	-	-	-	-	-	-	-	-	-	-	-	■	-	-	-	-	-	-	-	-	-	-	-	-	-	■	-	-	-	-	-	-	-	-	-	-	■	■	-	-	-	-	-	■	-	-	-	-	-	-
06/09/2011	-	-	-	-	-	-	-	-	-	-	-	-	-	-	-	-	-	-	-	-	-	-	-	-	-	-	-	-	-	-	-	-	-	-	■	-	-	-	-	-	-	■	-	-	-	-	■	■	-	■
09/09/2011	-	-	-	-	■	-	-	-	-	-	-	-	-	-	-	-	-	-	-	-	■	-	-	-	-	-	-	■	-	-	■	-	-	■	-	-	-	-	-	-	-	-	-	-	-	-	-	-	-	-
13/09/2011	-	-	-	-	-	-	-	-	■	-	-	-	-	-	-	-	-	-	-	-	-	-	-	-	-	-	-	■	-	■	-	■	-	-	-	-	-	-	-	-	-	-	-	-	-	-	-	-	■	-
16/09/2011	-	■	-	-	-	-	-	■	-	-	-	-	-	-	-	-	■	-	-	-	-	-	-	-	-	-	-	-	-	-	-	-	-	-	-	-	-	-	■	-	-	■	-	-	-	-	-	-	-	-
20/09/2011	-	-	-	-	-	-	-	-	■	-	-	-	-	-	-	-	-	-	■	-	-	-	-	-	■	-	-	-	-	-	-	-	-	-	-	■	-	■	-	-	-	-	-	-	-	-	-	-	-	-
23/09/2011	-	-	-	-	-	■	-	-	-	-	-	-	-	■	-	-	-	-	-	-	-	-	-	-	-	-	-	-	-	-	-	-	■	■	-	-	-	-	-	-	-	-	-	-	-	-	-	■	-	-
27/09/2011	-	-	-	-	-	-	-	-	-	-	-	-	-	-	-	-	-	■	-	-	-	-	-	-	-	-	■	■	-	-	-	-	-	-	■	-	-	-	-	■	-	-	-	-	-	-	-	-	-	-
30/09/2011	-	-	-	-	■	-	-	-	-	-	-	-	-	-	■	-	-	-	-	-	-	-	-	-	-	-	-	■	-	-	■	-	-	-	-	-	-	-	-	-	-	-	-	■	-	-	-	-	-	-
04/10/2011	-	-	-	-	-	-	-	-	-	-	-	-	-	■	-	■	-	-	-	-	-	-	■	-	-	-	-	-	-	-	-	-	-	-	-	-	-	■	-	-	-	-	-	-	■	-	-	-	-	-
07/10/2011	-	-	-	-	-	-	-	-	-	-	-	-	-	-	-	-	-	■	-	-	-	-	-	-	-	■	-	-	-	-	-	-	-	■	-	-	-	■	-	-	-	■	-	-	-	-	-	-	-	-
11/10/2011	■	-	-	■	-	-	-	-	-	-	-	■	-	-	-	■	-	-	-	-	-	-	-	-	-	-	-	-	-	-	-	-	-	-	-	-	-	-	-	-	-	-	-	-	-	-	-	■	-	-
14/10/2011	-	-	-	-	-	-	-	-	-	-	-	■	-	-	-	-	-	-	-	-	-	-	■	-	-	-	-	-	■	-	-	■	-	-	-	-	-	-	-	-	-	-	-	-	-	-	■	-	-	-
18/10/2011	-	-	-	-	-	-	-	-	-	-	-	-	-	-	-	-	-	■	-	-	-	-	■	-	-	-	-	-	-	-	-	-	-	-	-	-	■	-	-	-	-	-	-	-	-	■	-	■	-	-
21/10/2011	-	■	-	-	-	-	-	-	-	-	-	-	-	-	-	-	-	-	■	-	-	-	-	-	-	-	-	-	-	-	-	-	■	-	-	-	■	-	-	-	-	-	-	-	-	■	-	-	-	-
25/10/2011	-	-	-	-	-	-	-	-	-	-	-	■	-	-	-	-	-	-	-	-	-	■	-	-	-	-	■	■	-	-	-	-	-	-	-	-	-	-	■	-	-	-	-	-	-	-	-	-	-	-
28/10/2011	-	-	-	-	-	-	-	-	-	-	-	-	-	-	-	■	■	-	-	■	-	-	-	-	-	-	-	-	-	-	-	-	-	-	-	-	-	-	■	-	-	-	-	-	-	-	-	-	-	■
01/11/2011	-	-	-	-	-	-	-	-	-	-	-	-	-	■	-	-	-	-	-	■	-	-	■	-	-	-	-	-	-	-	-	-	-	-	-	-	-	-	-	-	-	-	-	-	■	■	-	-	-	-
04/11/2011	-	-	-	-	-	-	-	-	-	-	■	-	-	■	-	-	-	-	-	-	-	-	-	-	-	-	-	-	-	-	-	-	-	-	-	-	-	-	-	-	■	-	■	-	-	-	-	-	-	■
08/11/2011	■	-	-	■	-	-	-	-	-	-	-	-	-	-	■	-	-	-	-	-	-	-	-	-	-	-	-	-	■	-	-	-	-	-	-	-	-	-	-	■	-	-	-	-	-	-	-	-	-	-
11/11/2011	■	-	-	■	-	-	-	-	-	-	-	-	-	-	-	-	-	■	-	-	-	-	■	-	-	-	-	-	-	■	-	-	-	-	-	-	-	-	-	-	-	-	-	-	-	-	-	-	-	-
15/11/2011	-	-	-	-	-	■	-	-	-	-	-	-	-	-	-	-	■	-	-	-	-	■	-	-	-	-	-	-	-	-	-	-	-	-	-	-	-	-	-	-	-	-	-	-	■	-	■	-	-	-
18/11/2011	-	-	-	■	-	-	-	-	-	-	-	■	-	-	-	-	-	-	-	-	-	-	-	■	-	-	-	-	-	-	-	-	-	-	-	-	-	-	■	-	-	-	-	■	-	-	-	-	-	-
22/11/2011	-	-	-	-	-	-	-	-	-	-	-	-	-	-	-	■	-	■	-	-	-	-	-	■	-	-	-	-	-	-	-	-	-	-	-	-	-	■	-	■	-	-	-	-	-	-	-	-	-	-
25/11/2011	-	-	-	-	-	-	-	-	-	-	-	-	-	■	-	-	-	-	■	-	-	-	-	-	-	■	-	■	-	-	-	-	-	■	-	-	-	-	-	-	-	-	-	-	-	-	-	-	-	-
29/11/2011	-	-	-	-	-	-	-	-	-	-	■	-	-	-	-	-	-	-	-	-	-	-	-	-	■	-	-	-	-	-	-	-	-	-	-	-	-	-	-	-	■	-	-	-	■	-	-	-	-	■
02/12/2011	-	-	-	-	-	-	■	-	-	-	-	-	-	-	-	-	-	-	-	-	-	-	-	-	-	-	■	-	-	■	-	-	-	-	-	-	-	-	-	■	-	-	■	-	-	-	-	-	-	-
06/12/2011	-	-	-	-	-	-	-	-	-	-	-	-	-	-	-	-	-	-	■	■	■	-	-	-	-	-	-	-	-	-	-	-	-	■	-	-	-	■	-	-	-	-	-	-	-	-	-	-	-	-
09/12/2011	-	-	-	-	-	-	-	-	-	-	-	■	-	-	-	-	-	-	-	-	■	-	-	-	-	-	-	-	■	-	-	-	-	-	-	-	-	-	-	-	-	-	-	■	-	-	■	-	-	-
13/12/2011	-	-	-	-	-	-	■	-	-	-	-	■	-	-	-	-	-	■	-	-	-	-	-	-	-	-	-	-	-	-	-	-	■	-	-	-	■	-	-	-	-	-	-	-	-	-	-	-	-	-
16/12/2011	-	■	-	-	■	-	-	-	-	■	-	-	-	-	-	-	-	-	-	-	-	-	■	-	-	-	-	-	-	-	■	-	-	-	-	-	-	-	-	-	-	-	-	-	-	-	-	-	-	-
20/12/2011	■	-	-	-	-	-	-	-	■	-	-	■	-	■	-	-	-	-	-	-	-	-	-	-	-	-	-	-	-	-	-	-	-	-	-	-	-	-	-	-	-	-	-	-	-	-	-	■	-	-
23/12/2011	-	-	-	-	-	-	■	-	-	-	-	-	-	-	-	-	-	-	-	-	■	■	-	■	-	-	-	■	-	-	-	-	-	-	-	-	-	-	-	-	-	-	-	-	-	-	-	-	-	-
27/12/2011	-	-	-	-	-	-	-	-	-	-	-	-	-	-	-	-	-	-	■	-	■	-	-	-	■	■	-	-	-	-	-	-	-	-	-	-	-	-	-	-	-	-	-	■	-	-	-	-	-	-
30/12/2011	-	-	-	-	-	-	-	-	-	-	-	-	-	-	-	■	-	-	-	-	-	-	-	-	-	-	-	-	-	-	-	-	-	-	-	■	-	-	-	-	-	-	■	■	-	-	-	-	-	■
03/01/2012	-	-	■	-	-	-	-	-	-	-	-	-	-	-	-	-	-	-	-	-	-	-	-	-	-	-	-	-	-	■	-	-	-	-	-	-	-	-	-	-	-	■	-	-	■	-	-	-	■	-
06/01/2012	■	-	-	-	-	■	-	-	-	■	-	■	-	-	-	-	-	-	-	-	-	-	-	-	-	-	-	-	-	-	■	-	-	-	-	-	-	-	-	-	-	-	-	-	-	-	-	-	-	-
10/01/2012	-	-	-	■	-	-	-	-	■	■	-	-	-	-	-	-	-	-	-	-	-	-	-	-	-	-	-	-	-	■	-	-	-	-	-	-	-	-	-	■	-	-	-	-	-	-	-	-	-	-
13/01/2012	-	-	-	-	-	-	-	-	-	-	-	-	■	■	-	-	-	-	-	-	■	-	-	-	-	-	■	-	-	-	-	-	-	-	-	-	-	-	■	-	-	-	-	-	-	-	-	-	-	-
17/01/2012	-	-	-	-	-	-	-	-	-	-	-	■	-	-	-	-	-	-	-	-	-	■	-	-	-	-	-	-	-	■	■	-	-	-	-	-	-	-	-	-	-	-	-	■	-	-	-	-	-	-
20/01/2012	-	■	-	-	-	-	-	-	-	■	-	-	-	-	-	-	-	-	-	-	-	■	-	-	-	-	■	■	-	-	-	-	-	-	-	-	-	-	-	-	-	-	-	-	-	-	-	-	-	-
24/01/2012	■	■	-	-	-	■	-	-	-	-	-	-	-	-	-	-	-	-	-	■	-	-	-	-	-	-	-	-	-	-	-	-	-	-	-	■	-	-	-	-	-	-	-	-	-	-	-	-	-	-
27/01/2012	-	-	-	-	-	-	-	-	-	■	-	-	■	-	-	-	-	-	■	-	-	-	-	-	-	-	-	-	-	-	-	-	-	-	-	-	-	-	■	-	-	-	-	■	-	-	-	-	-	-
31/01/2012	-	-	-	-	-	-	-	-	■	-	-	-	-	-	-	-	-	-	-	-	-	-	-	-	-	-	-	-	-	-	-	-	-	■	-	-	-	■	-	-	-	-	■	-	■	-	-	-	-	-
03/02/2012	-	-	-	-	-	-	-	-	-	-	-	-	-	-	-	■	-	-	■	■	-	-	-	-	■	-	-	■	-	-	-	-	-	-	-	-	-	-	-	-	-	-	-	-	-	-	-	-	-	-
07/02/2012	-	-	■	-	-	-	-	-	-	-	-	-	-	-	■	-	■	-	-	-	-	-	-	-	-	-	-	■	-	-	-	-	■	-	-	-	-	-	-	-	-	-	-	-	-	-	-	-	-	-
10/02/2012	-	-	■	-	-	-	-	■	-	-	-	-	-	■	-	-	-	-	-	-	-	-	-	-	-	-	-	-	-	-	■	-	-	-	-	-	-	-	-	-	■	-	-	-	-	-	-	-	-	-
14/02/2012	-	-	-	-	-	-	-	-	-	-	-	-	-	■	-	-	-	-	-	-	-	-	-	-	-	-	■	-	-	-	-	-	-	-	-	■	-	-	-	-	-	■	-	-	-	■	-	-	-	-
17/02/2012	-	-	-	■	-	-	-	-	-	-	■	-	-	-	-	-	-	-	-	-	-	-	-	-	-	-	-	■	-	-	-	-	-	-	-	-	-	■	-	-	-	-	-	-	-	-	■	-	-	-
21/02/2012	-	-	-	-	-	-	-	-	-	-	■	-	-	■	-	-	-	-	-	-	-	-	-	■	■	-	-	-	■	-	-	-	-	-	-	-	-	-	-	-	-	-	-	-	-	-	-	-	-	-
24/02/2012	-	-	■	-	-	-	■	-	-	-	-	■	-	-	-	-	-	-	-	-	-	-	-	-	-	■	-	-	-	-	-	-	-	■	-	-	-	-	-	-	-	-	-	-	-	-	-	-	-	-
28/02/2012	■	-	-	-	-	-	-	-	-	■	-	-	-	-	-	-	■	-	-	-	-	-	-	-	-	-	-	-	-	-	-	-	■	-	-	-	-	-	-	-	-	-	-	-	-	-	-	■	-	-
02/03/2012	-	-	-	-	■	■	-	-	-	-	■	-	-	-	-	-	-	-	-	-	-	-	-	-	-	-	-	-	-	■	-	-	-	-	-	-	-	-	-	-	-	-	-	■	-	-	-	-	-	-
06/03/2012	-	-	-	-	-	-	-	-	-	-	-	-	-	-	-	-	-	-	-	-	-	-	■	■	-	-	■	-	-	-	-	-	-	-	-	-	■	-	-	-	-	-	-	-	-	-	■	-	-	-
09/03/2012	-	-	■	-	-	-	-	-	-	-	-	-	-	-	-	-	-	-	-	-	-	-	-	-	-	-	-	-	-	-	-	■	-	-	-	■	-	-	■	-	-	-	-	-	-	-	■	-	-	-
13/03/2012	■	-	-	-	-	-	-	-	-	■	-	-	-	-	-	-	-	-	-	-	-	-	-	-	■	-	-	-	-	-	-	-	-	-	-	-	-	-	-	-	-	-	■	-	-	-	■	-	-	-
16/03/2012	-	-	■	■	-	-	-	-	-	-	-	■	-	-	-	-	-	-	-	-	-	-	■	-	-	-	-	-	-	-	-	-	-	-	-	-	-	-	-	-	-	-	-	-	-	-	-	-	-	■
20/03/2012	-	-	-	-	-	-	-	-	-	-	-	-	-	-	■	■	-	-	-	-	-	-	-	-	-	-	-	■	-	■	-	-	-	-	-	-	-	-	-	-	-	-	-	-	-	■	-	-	-	-
23/03/2012	-	-	-	-	-	-	-	-	■	-	-	-	-	-	■	-	-	-	-	-	-	-	■	-	-	-	-	-	-	-	■	-	-	-	-	-	-	-	-	-	-	-	-	-	-	-	-	-	-	■
27/03/2012	-	-	-	-	-	-	-	-	-	-	-	-	-	-	-	-	-	-	-	-	-	-	-	■	-	-	■	-	■	-	-	-	-	■	-	■	-	-	-	-	-	-	-	-	-	-	-	-	-	-
30/03/2012	-	-	-	■	-	-	-	-	-	-	-	-	-	-	-	-	■	-	-	-	-	-	■	-	-	-	-	-	-	-	-	-	-	-	-	■	-	-	-	-	-	-	-	-	-	■	-	-	-	-
03/04/2012	■	-	-	-	-	-	-	■	-	-	-	-	-	-	-	-	-	■	-	-	-	-	-	-	■	-	-	-	-	■	-	-	-	-	-	-	-	-	-	-	-	-	-	-	-	-	-	-	-	-
06/04/2012	-	-	-	-	-	-	-	-	-	-	■	-	-	-	-	-	-	-	-	■	-	-	-	-	-	-	-	-	-	■	-	-	-	-	■	-	-	-	-	-	-	-	-	-	■	-	-	-	-	-
10/04/2012	-	-	-	-	-	-	-	-	-	-	-	-	-	-	-	-	-	-	-	-	-	■	-	-	■	-	■	-	-	-	-	-	-	-	-	■	■	-	-	-	-	-	-	-	-	-	-	-	-	-
13/04/2012	-	-	-	-	-	-	-	■	-	-	-	-	■	-	-	-	-	-	-	-	-	-	-	-	-	■	-	-	-	-	-	-	-	-	-	-	-	-	■	-	-	-	■	-	-	-	-	-	-	-
17/04/2012	-	-	-	-	-	-	-	-	-	■	-	-	-	-	-	-	-	-	-	-	-	-	-	-	-	-	-	■	-	-	-	-	■	-	-	-	-	-	-	-	-	-	-	-	-	-	-	■	■	-
20/04/2012	-	-	■	-	-	■	-	-	-	-	-	-	-	-	-	-	-	-	-	-	-	-	-	-	-	-	-	-	■	-	-	■	-	-	-	-	-	-	-	-	■	-	-	-	-	-	-	-	-	-
24/04/2012	-	-	-	-	-	-	-	■	■	-	-	-	-	-	-	-	-	-	-	-	-	-	-	■	-	-	-	-	-	-	-	-	-	-	-	-	-	-	-	-	-	-	■	-	-	-	-	■	-	-
27/04/2012	-	-	-	-	-	-	-	-	-	-	-	-	-	-	-	-	-	-	-	■	-	-	-	-	-	-	■	-	-	■	-	-	-	-	-	■	-	-	-	-	-	-	■	-	-	-	-	-	-	-
01/05/2012	-	-	-	■	■	-	-	-	-	-	-	-	-	-	■	-	-	-	■	-	-	-	-	-	-	-	-	-	-	-	-	-	-	-	-	-	-	-	-	-	■	-	-	-	-	-	-	-	-	-
04/05/2012	-	-	■	-	-	-	-	-	-	-	-	-	-	-	-	-	-	-	-	-	-	-	-	-	-	■	-	-	-	-	-	-	-	-	-	-	-	-	■	■	■	-	-	-	-	-	-	-	-	-
08/05/2012	-	-	■	-	-	-	-	-	-	-	-	-	-	-	-	-	-	-	-	-	■	-	-	-	-	-	-	-	-	-	-	-	-	■	-	-	-	■	-	-	-	-	-	-	-	-	-	■	-	-
11/05/2012	■	-	-	-	-	-	-	-	-	-	-	-	■	-	-	-	■	-	-	-	-	-	-	-	-	-	-	-	-	-	-	-	-	-	-	-	-	■	-	-	-	-	-	■	-	-	-	-	-	-
15/05/2012	-	■	-	-	-	-	-	-	-	-	■	-	■	-	-	-	-	-	-	-	-	-	-	-	-	■	-	-	-	-	-	-	-	-	-	-	-	-	-	-	-	-	-	-	-	-	-	-	-	■
18/05/2012	-	-	-	-	-	-	-	-	-	-	-	-	■	-	-	-	-	-	-	-	-	-	-	-	-	-	-	-	■	-	-	-	-	-	-	-	-	-	-	-	-	-	■	-	-	-	■	-	-	■
22/05/2012	-	-	-	-	-	-	-	-	-	-	-	-	-	-	-	■	-	-	-	-	-	-	-	-	-	-	-	-	-	-	■	■	-	-	-	-	■	-	-	-	■	-	-	-	-	-	-	-	-	-
25/05/2012	-	-	-	-	-	-	-	-	-	-	-	■	-	-	-	-	-	-	-	-	-	■	-	-	-	-	-	-	-	-	-	-	-	-	■	-	-	-	-	-	-	-	-	-	-	■	-	-	■	-
29/05/2012	-	-	-	-	-	-	-	■	-	-	-	-	-	-	■	-	■	-	-	-	-	-	-	-	■	-	-	■	-	-	-	-	-	-	-	-	-	-	-	-	-	-	-	-	-	-	-	-	-	-
01/06/2012	-	■	-	■	-	-	-	-	-	-	-	-	-	■	-	-	-	-	-	-	-	-	-	-	-	■	-	-	-	-	-	-	-	-	-	■	-	-	-	-	-	-	-	-	-	-	-	-	-	-
05/06/2012	-	-	-	-	-	-	-	-	-	-	-	-	■	-	-	-	-	-	-	-	-	-	-	-	-	-	-	-	-	-	-	-	-	■	-	-	■	-	-	-	-	-	-	-	-	-	■	-	■	-
08/06/2012	-	-	-	-	■	-	-	-	-	-	■	-	-	-	-	-	-	-	-	-	-	■	-	-	-	-	-	-	-	-	-	-	-	■	-	-	-	-	-	■	-	-	-	-	-	-	-	-	-	-
12/06/2012	-	-	-	-	-	-	-	■	-	-	-	-	-	-	■	-	-	-	-	-	-	-	-	-	-	■	-	-	-	■	-	-	-	-	-	-	-	-	-	-	-	-	-	-	-	-	-	■	-	-
15/06/2012	-	-	-	-	-	-	-	-	-	■	-	-	-	-	-	-	-	-	-	-	-	■	-	-	-	-	■	-	-	-	-	-	-	-	-	-	-	■	-	-	-	-	-	-	-	-	-	■	-	-
19/06/2012	-	-	-	-	-	-	■	-	-	-	-	-	-	-	-	-	■	-	-	■	-	-	-	-	-	-	-	-	-	-	-	-	-	-	■	-	-	-	-	-	-	-	-	-	-	-	-	-	-	■
22/06/2012	-	-	-	-	-	-	-	-	-	-	-	-	-	■	-	-	-	■	■	-	-	-	-	-	-	-	-	-	-	-	-	-	-	-	-	-	-	-	-	-	-	-	■	-	-	-	-	-	■	-
26/06/2012	■	-	-	-	-	-	-	-	-	-	■	-	-	-	-	-	-	-	-	■	-	■	-	-	-	-	-	-	-	-	-	-	-	-	■	-	-	-	-	-	-	-	-	-	-	-	-	-	-	-
29/06/2012	-	-	-	-	-	-	-	-	-	-	-	-	-	■	-	-	■	-	-	-	-	-	-	-	-	-	-	■	■	-	-	-	-	-	-	-	-	-	■	-	-	-	-	-	-	-	-	-	-	-
03/07/2012	-	■	-	-	-	-	■	-	-	-	-	-	-	-	-	-	-	-	-	-	-	■	-	-	-	-	■	-	-	-	-	-	-	-	-	-	-	-	-	■	-	-	-	-	-	-	-	-	-	-
06/07/2012	-	-	-	-	-	-	-	-	-	-	-	-	-	-	-	-	-	-	-	-	-	-	-	-	-	-	-	-	-	-	■	■	-	-	-	-	-	■	-	■	-	■	-	-	-	-	-	-	-	-
10/07/2012	■	-	■	-	-	-	-	-	-	-	-	-	-	-	-	■	-	-	-	-	-	-	-	■	-	-	-	-	-	-	-	-	-	-	-	-	■	-	-	-	-	-	-	-	-	-	-	-	-	-
13/07/2012	-	-	-	-	-	-	-	■	-	-	-	-	-	-	-	-	-	■	-	-	-	-	-	-	■	-	-	-	-	-	-	-	-	-	■	-	-	-	-	-	-	-	-	-	-	■	-	-	-	-
17/07/2012	-	■	-	-	-	-	■	-	-	-	-	-	-	-	-	-	-	-	-	-	-	-	-	■	-	-	-	-	-	-	-	-	-	-	-	-	-	-	-	-	-	-	■	-	-	■	-	-	-	-
20/07/2012	-	-	-	-	-	-	-	-	-	■	-	-	-	-	-	-	-	-	■	-	-	-	■	-	-	-	-	-	-	-	-	-	-	-	-	-	-	-	-	-	-	-	-	-	■	-	-	-	■	-
24/07/2012	-	-	-	■	-	-	-	-	-	-	-	-	-	-	-	■	-	■	-	-	-	-	-	-	■	-	-	-	-	-	-	-	-	-	-	-	-	-	-	-	-	-	-	■	-	-	-	-	-	-
27/07/2012	-	-	-	-	-	-	-	-	-	-	-	-	-	■	■	-	-	-	-	-	■	-	■	-	-	-	-	-	-	-	-	-	-	-	-	-	-	-	-	-	-	-	-	-	-	-	-	■	-	-
31/07/2012	-	-	-	■	-	-	-	-	-	-	-	-	-	-	-	-	-	-	-	-	-	-	-	-	-	-	-	-	■	-	-	-	-	-	■	■	-	-	■	-	-	-	-	-	-	-	-	-	-	-
03/08/2012	-	-	-	-	-	-	-	-	-	-	-	-	-	-	-	-	-	-	-	-	-	-	-	■	-	-	-	-	-	-	-	-	-	■	■	-	-	-	-	-	-	■	-	-	-	■	-	-	-	-
07/08/2012	-	-	-	-	-	-	-	-	-	-	-	-	-	-	-	-	-	-	-	■	-	-	-	-	-	-	■	-	-	-	-	-	-	■	-	-	-	-	-	-	-	-	-	-	-	■	-	-	-	■
10/08/2012	-	-	-	-	-	-	-	-	-	-	■	-	-	-	-	-	■	-	-	-	■	-	-	-	-	-	-	-	-	-	-	-	-	-	-	-	-	-	-	-	-	-	-	-	-	-	-	■	-	■
14/08/2012	■	-	-	-	-	-	-	-	-	-	-	-	-	-	-	■	-	-	-	-	-	-	-	-	-	-	-	-	-	-	-	-	-	-	-	-	-	■	-	-	-	■	-	-	■	-	-	-	-	-
17/08/2012	-	-	-	-	-	-	-	-	-	-	-	-	-	-	-	-	-	-	■	-	-	-	-	-	■	-	-	■	-	-	-	-	■	-	-	-	-	-	-	-	-	-	-	■	-	-	-	-	-	-
21/08/2012	-	-	-	■	■	-	-	-	-	-	-	-	-	-	-	-	■	-	-	-	-	-	-	-	-	-	-	-	-	-	-	-	-	-	-	-	-	■	-	-	-	-	-	-	-	-	-	■	-	-
24/08/2012	-	-	-	-	■	■	-	-	-	-	-	■	-	-	-	-	-	-	■	-	-	-	-	-	-	-	-	-	-	-	-	-	-	-	-	-	■	-	-	-	-	-	-	-	-	-	-	-	-	-
28/08/2012	■	-	-	-	-	-	-	-	-	-	-	-	-	-	-	-	-	■	-	-	-	-	-	-	■	■	-	-	-	-	-	-	-	-	-	-	-	-	-	-	-	-	-	■	-	-	-	-	-	-
31/08/2012	-	-	-	-	-	-	-	-	-	-	-	-	-	-	-	■	-	-	-	-	-	-	-	-	-	-	-	■	-	-	■	-	■	-	-	-	-	-	-	-	-	-	-	-	-	-	-	■	-	-
04/09/2012	-	-	-	-	-	-	-	-	-	-	■	-	-	-	-	-	■	■	-	-	-	-	-	-	-	-	-	-	-	-	-	-	-	-	-	-	-	-	■	-	-	-	-	■	-	-	-	-	-	-
07/09/2012	-	-	-	-	-	-	-	-	-	-	-	-	■	-	■	-	-	-	-	-	-	-	-	-	-	-	-	-	-	■	-	-	-	-	■	-	-	-	-	-	-	■	-	-	-	-	-	-	-	-
11/09/2012	-	-	-	-	-	■	-	-	-	-	-	-	-	-	■	-	-	-	-	-	-	■	-	-	-	-	-	-	-	-	-	-	-	-	-	-	■	-	-	-	-	-	-	■	-	-	-	-	-	-
14/09/2012	-	-	■	-	-	-	-	-	-	■	-	-	-	-	-	-	-	-	-	-	-	-	■	-	-	-	■	-	-	-	-	-	-	-	-	-	-	-	-	-	-	-	-	■	-	-	-	-	-	-
18/09/2012	-	-	-	-	-	■	■	-	-	-	-	-	-	-	-	-	-	-	-	-	-	-	-	-	-	-	-	-	-	-	-	-	-	-	-	-	-	■	■	-	-	-	-	■	-	-	-	-	-	-
21/09/2012	-	-	-	■	-	-	-	-	-	-	-	-	-	-	-	-	-	-	■	-	-	-	-	-	-	-	-	-	-	-	-	-	-	■	-	-	-	-	-	-	■	-	■	-	-	-	-	-	-	-
25/09/2012	-	-	-	-	-	-	■	-	-	-	-	-	-	-	-	-	-	-	-	-	-	-	-	-	■	-	■	-	-	-	-	-	-	-	-	-	-	-	-	-	-	-	-	-	-	-	-	■	■	-
28/09/2012	-	-	-	-	-	-	-	-	-	-	-	-	-	-	-	-	-	-	-	■	-	-	■	-	-	■	-	-	-	■	-	-	■	-	-	-	-	-	-	-	-	-	-	-	-	-	-	-	-	-
02/10/2012	-	-	-	■	-	-	-	-	-	-	-	-	-	-	-	■	-	-	-	-	■	-	-	-	-	-	-	-	-	-	-	-	-	-	-	■	-	-	-	-	-	■	-	-	-	-	-	-	-	-
05/10/2012	-	-	-	-	-	-	-	-	■	-	-	-	-	-	-	■	-	■	■	-	■	-	-	-	-	-	-	-	-	-	-	-	-	-	-	-	-	-	-	-	-	-	-	-	-	-	-	-	-	-
09/10/2012	-	■	-	-	-	-	-	■	-	■	-	-	-	-	-	-	-	-	-	-	-	-	■	-	■	-	-	-	-	-	-	-	-	-	-	-	-	-	-	-	-	-	-	-	-	-	-	-	-	-
12/10/2012	-	-	-	-	-	■	■	-	-	-	-	-	-	-	-	-	■	-	-	-	-	-	-	-	-	-	-	-	-	-	-	-	-	-	■	-	-	-	-	-	-	-	■	-	-	-	-	-	-	-
16/10/2012	-	-	-	-	-	-	-	-	-	■	-	-	-	-	-	-	-	-	-	-	-	-	-	-	-	-	-	-	-	-	-	■	-	-	-	-	-	-	-	■	■	-	-	-	-	-	-	-	■	-
19/10/2012	-	-	-	-	-	-	-	-	-	-	-	-	-	-	-	■	-	-	-	-	-	-	-	-	-	-	-	-	■	-	-	-	-	-	-	-	■	-	-	■	-	-	-	■	-	-	-	-	-	-
23/10/2012	■	-	-	-	-	-	-	-	-	-	-	-	-	-	-	-	-	-	-	-	-	-	-	-	-	-	-	■	-	-	-	-	-	-	■	-	-	■	-	-	-	-	-	-	-	-	-	-	-	■
26/10/2012	-	-	-	-	■	■	-	-	■	-	-	-	-	-	-	-	-	-	-	-	-	-	-	-	-	-	■	-	-	-	-	-	-	-	-	-	-	■	-	-	-	-	-	-	-	-	-	-	-	-
30/10/2012	-	-	-	-	-	-	-	-	-	-	-	-	-	-	-	-	-	-	-	-	-	-	■	■	■	-	-	-	-	-	■	-	-	-	-	-	-	-	-	-	-	-	-	■	-	-	-	-	-	-
02/11/2012	-	-	■	-	-	■	-	-	-	■	■	-	-	-	-	-	-	-	-	-	-	-	-	-	-	-	-	-	-	-	-	-	-	-	-	-	-	-	-	-	-	-	-	■	-	-	-	-	-	-
06/11/2012	-	-	-	-	-	-	■	-	-	-	-	-	-	-	-	-	-	-	-	■	-	-	-	-	■	-	-	-	-	-	-	-	-	-	■	-	-	-	-	-	■	-	-	-	-	-	-	-	-	-
09/11/2012	-	-	-	-	-	-	-	-	-	-	-	-	-	■	-	-	-	-	-	-	■	■	-	-	-	-	-	■	-	-	-	-	-	-	-	-	-	-	-	-	-	-	-	-	-	-	■	-	-	-
13/11/2012	-	-	-	-	-	-	-	-	-	-	■	-	-	-	-	■	-	-	-	-	■	-	-	■	-	-	-	-	■	-	-	-	-	-	-	-	-	-	-	-	-	-	-	-	-	-	-	-	-	-
16/11/2012	-	-	-	-	-	-	-	-	-	■	-	-	-	-	■	-	-	-	■	-	-	-	■	-	-	-	-	-	-	-	-	-	-	-	-	-	-	-	-	-	■	-	-	-	-	-	-	-	-	-
20/11/2012	-	-	-	-	-	-	-	-	-	-	-	-	-	-	-	-	-	-	-	-	-	-	-	-	-	-	-	■	-	■	-	-	-	-	-	-	-	-	-	-	-	■	-	-	■	-	-	-	■	-
23/11/2012	■	-	-	-	-	-	-	-	■	-	■	-	-	-	-	-	-	-	-	■	-	-	-	-	-	-	-	-	-	-	-	-	-	-	-	-	-	-	-	■	-	-	-	-	-	-	-	-	-	-
27/11/2012	-	-	-	-	-	■	-	-	-	■	-	-	-	-	-	-	-	-	-	-	-	-	■	-	-	-	-	-	-	-	-	-	-	-	-	-	-	-	-	-	-	-	-	■	-	-	-	-	■	-
30/11/2012	-	-	-	-	-	-	-	-	-	■	-	-	-	-	-	-	-	■	-	-	-	-	■	■	-	-	-	-	-	-	-	-	-	-	-	-	-	-	-	■	-	-	-	-	-	-	-	-	-	-
04/12/2012	-	-	-	-	■	-	-	-	-	■	-	-	-	-	-	-	-	-	-	-	-	-	-	-	-	-	-	■	■	-	-	-	-	-	-	-	-	-	-	-	-	-	-	■	-	-	-	-	-	-
07/12/2012	-	-	-	-	-	-	-	-	-	■	-	-	-	-	-	■	-	■	-	-	-	-	-	-	-	-	-	-	-	-	■	-	-	-	-	-	-	-	-	-	-	■	-	-	-	-	-	-	-	-
11/12/2012	■	-	-	■	-	-	-	-	■	-	-	-	-	-	-	-	-	-	-	-	-	-	-	-	-	-	-	-	-	-	-	-	-	-	-	-	-	-	-	-	-	-	■	-	-	-	-	-	-	■
14/12/2012	-	-	-	-	-	-	-	-	-	■	■	-	-	-	-	-	-	-	-	-	-	-	-	-	-	-	-	-	■	-	-	-	-	-	-	-	-	-	-	■	-	-	■	-	-	-	-	-	-	-
18/12/2012	-	-	-	-	-	-	-	-	-	-	-	-	-	■	-	-	-	■	-	■	-	-	-	-	-	-	-	-	-	-	-	-	-	-	■	-	-	-	-	-	-	-	-	■	-	-	-	-	-	-
21/12/2012	-	-	■	-	■	-	-	-	-	-	-	-	-	-	-	-	-	-	-	-	-	■	-	-	-	-	-	-	-	-	-	-	-	-	-	-	-	-	-	■	-	■	-	-	-	-	-	-	-	-
25/12/2012	-	-	-	-	-	-	-	-	-	-	-	-	-	■	-	-	-	■	-	■	-	-	■	-	-	-	-	-	-	-	-	■	-	-	-	-	-	-	-	-	-	-	-	-	-	-	-	-	-	-
28/12/2012	-	-	-	-	-	-	-	-	-	-	-	-	-	-	-	-	■	-	-	-	-	-	-	■	-	■	■	-	-	-	-	-	-	-	-	-	-	-	-	-	-	-	-	-	-	-	-	-	■	-
01/01/2013	-	■	-	-	-	-	■	■	-	-	-	-	-	-	-	-	-	-	-	-	-	-	-	-	-	-	-	-	-	-	-	-	-	-	-	■	-	-	-	-	-	-	-	-	-	-	-	-	■	-
04/01/2013	-	-	-	■	-	-	-	-	-	■	-	-	-	-	-	-	-	-	-	-	-	■	-	-	-	-	■	-	-	-	-	-	-	-	-	-	-	-	-	-	■	-	-	-	-	-	-	-	-	-
08/01/2013	-	■	-	-	-	-	-	-	-	-	-	-	-	-	-	-	-	-	-	■	-	■	-	-	-	■	-	-	-	-	-	-	-	-	-	-	-	-	-	-	-	-	-	-	-	-	■	-	-	-
11/01/2013	-	-	-	■	-	-	-	-	-	-	-	-	-	-	-	-	-	-	-	-	-	■	-	-	-	-	-	-	■	-	-	-	-	-	-	-	■	-	-	-	■	-	-	-	-	-	-	-	-	-
15/01/2013	-	-	-	-	-	-	-	-	-	-	-	-	-	-	-	-	-	-	-	-	-	■	-	-	-	-	-	-	-	-	-	-	-	-	-	-	-	■	-	■	-	■	-	-	-	-	■	-	-	-
18/01/2013	-	-	-	■	-	-	-	-	-	-	-	-	-	-	-	-	-	-	-	-	-	-	-	-	-	■	■	-	-	■	-	-	-	-	-	-	-	-	■	-	-	-	-	-	-	-	-	-	-	-
22/01/2013	■	-	-	-	-	-	-	-	-	■	-	-	-	-	-	-	-	-	-	-	-	-	-	-	-	-	-	-	-	-	-	-	-	-	-	-	-	-	-	-	-	-	-	■	■	-	-	■	-	-
25/01/2013	-	-	■	-	-	-	-	-	-	■	-	-	-	-	-	-	-	■	-	-	-	-	-	-	-	-	-	-	-	-	■	-	-	-	-	-	■	-	-	-	-	-	-	-	-	-	-	-	-	-
29/01/2013	-	-	-	-	-	-	-	-	■	-	-	-	-	-	-	■	-	-	-	-	-	-	-	-	-	■	-	-	-	-	-	-	-	-	-	■	-	-	■	-	-	-	-	-	-	-	-	-	-	-
01/02/2013	-	-	-	-	■	-	-	-	-	-	-	-	-	-	-	-	-	-	-	-	■	-	-	-	-	-	-	-	-	-	-	-	-	■	-	-	■	■	-	-	-	-	-	-	-	-	-	-	-	-
05/02/2013	-	-	-	-	-	■	-	-	-	-	-	-	-	-	-	-	-	-	-	-	-	-	-	-	■	-	-	-	-	-	■	-	-	-	-	-	-	-	-	■	-	-	-	-	■	-	-	-	-	-
08/02/2013	-	-	-	-	-	-	-	-	■	-	■	-	-	■	-	-	-	-	-	-	-	-	-	-	-	-	-	-	-	-	-	-	-	■	-	-	-	-	-	-	-	-	-	■	-	-	-	-	-	-
12/02/2013	-	-	-	-	■	-	-	-	-	-	■	-	-	-	-	■	-	-	-	-	-	-	-	-	■	-	-	■	-	-	-	-	-	-	-	-	-	-	-	-	-	-	-	-	-	-	-	-	-	-
15/02/2013	-	■	-	■	-	-	-	-	-	-	-	-	-	-	-	-	-	-	-	-	-	■	-	-	-	-	-	■	-	-	-	-	-	-	-	-	-	-	-	-	-	■	-	-	-	-	-	-	-	-
19/02/2013	-	-	-	-	-	-	-	-	-	-	-	■	-	-	■	-	-	-	-	-	-	-	-	-	-	-	-	■	-	■	-	-	-	-	-	-	-	-	-	-	-	-	-	■	-	-	-	-	-	-
22/02/2013	-	-	-	-	-	-	-	-	-	-	-	-	-	-	■	■	-	-	-	-	-	-	-	-	-	-	-	■	-	-	-	-	-	-	-	■	■	-	-	-	-	-	-	-	-	-	-	-	-	-
26/02/2013	-	-	■	-	-	-	-	-	-	-	-	■	■	-	-	-	■	-	-	-	-	-	-	-	-	-	-	-	-	■	-	-	-	-	-	-	-	-	-	-	-	-	-	-	-	-	-	-	-	-
01/03/2013	■	-	-	-	-	-	-	-	-	-	■	-	-	-	-	-	-	-	-	-	-	-	-	-	-	-	-	-	■	-	-	-	-	-	-	■	-	-	-	-	-	■	-	-	-	-	-	-	-	-
05/03/2013	-	-	-	-	-	-	-	■	-	-	-	-	-	-	-	-	-	-	■	-	-	-	-	-	-	-	-	-	-	-	■	-	■	-	-	-	-	-	■	-	-	-	-	-	-	-	-	-	-	-
08/03/2013	-	-	■	-	-	-	-	-	-	-	-	-	-	-	-	-	-	-	-	■	-	-	■	-	-	-	-	■	-	-	-	-	-	-	-	-	-	-	-	-	-	■	-	-	-	-	-	-	-	-
12/03/2013	-	■	-	■	-	-	-	-	-	■	-	-	-	-	-	-	-	-	-	-	-	■	-	-	-	-	-	-	-	-	-	-	-	-	-	-	-	-	-	-	-	-	-	-	-	-	-	-	-	■
15/03/2013	-	-	-	■	-	-	-	-	-	-	-	-	-	■	-	-	-	-	-	-	■	-	-	■	-	-	-	-	-	-	-	-	-	-	-	-	-	-	■	-	-	-	-	-	-	-	-	-	-	-
19/03/2013	-	-	-	-	-	-	-	-	-	-	-	-	-	-	-	-	-	-	■	-	-	-	-	-	-	-	-	-	-	-	-	■	-	-	■	-	■	-	-	-	-	-	-	■	-	-	-	-	-	-
22/03/2013	-	-	-	-	-	-	-	-	-	-	-	■	-	-	-	-	-	-	-	-	-	-	-	-	-	-	■	-	-	-	-	■	-	■	-	-	-	-	-	-	-	-	-	-	-	-	-	-	■	-
26/03/2013	-	-	-	■	-	-	-	-	-	-	-	-	-	-	-	-	-	-	-	-	-	-	-	-	-	■	-	-	-	■	-	-	-	-	-	-	-	-	-	-	-	■	-	■	-	-	-	-	-	-
29/03/2013	-	-	-	-	-	-	-	-	-	-	-	-	■	-	-	-	-	-	-	-	-	-	-	-	-	-	-	-	-	■	-	-	-	-	-	-	-	-	-	-	-	-	■	■	-	■	-	-	-	-
02/04/2013	-	-	-	-	-	-	-	-	-	-	-	■	-	-	-	-	■	-	-	-	-	-	-	-	■	-	-	-	■	-	-	-	-	-	-	-	-	-	-	-	■	-	-	-	-	-	-	-	-	-
05/04/2013	■	-	-	-	-	-	-	-	-	-	■	-	-	-	-	-	■	-	-	-	-	-	-	-	-	-	-	-	-	-	-	■	-	-	-	-	-	-	■	-	-	-	-	-	-	-	-	-	-	-
09/04/2013	-	-	-	-	-	-	-	-	-	-	-	-	-	-	■	-	-	-	-	-	-	-	-	-	-	-	-	-	-	-	-	-	-	-	■	-	-	■	-	-	-	-	-	■	-	-	-	■	-	-
12/04/2013	-	-	-	-	■	-	-	-	-	■	-	-	-	-	■	-	-	-	-	-	-	-	-	-	-	-	-	■	-	-	-	-	-	-	-	-	-	-	-	-	-	-	-	-	■	-	-	-	-	-
16/04/2013	■	-	-	-	-	-	-	-	-	-	■	-	-	-	-	-	-	-	-	-	-	■	-	-	-	-	-	-	-	-	-	-	■	-	-	-	-	-	-	-	-	-	-	-	-	-	-	-	-	■
19/04/2013	■	-	-	-	-	-	-	■	-	-	-	-	-	-	-	-	-	-	-	-	-	-	-	-	-	-	-	-	-	-	-	-	-	-	-	-	-	-	-	-	-	■	-	-	-	■	-	■	-	-
23/04/2013	■	-	-	■	-	-	■	-	-	■	-	-	-	-	-	-	-	-	-	-	-	-	-	-	-	-	-	-	-	-	-	-	-	-	-	-	-	-	-	-	-	-	-	-	-	-	-	-	-	■
26/04/2013	-	-	-	-	-	-	-	-	-	-	■	-	-	-	-	■	-	-	-	-	-	-	-	■	-	-	-	-	-	-	-	-	-	-	-	-	-	■	-	■	-	-	-	-	-	-	-	-	-	-
30/04/2013	-	-	-	-	-	-	-	-	-	-	-	-	■	-	-	-	-	-	-	-	-	-	-	-	-	-	-	-	-	-	-	-	-	-	-	■	-	-	-	■	-	-	■	-	-	-	-	-	-	■
03/05/2013	-	-	■	-	■	-	-	-	-	-	-	-	-	-	-	-	-	-	-	-	-	-	-	-	-	-	-	-	-	-	-	-	-	■	-	-	-	-	-	■	-	-	-	-	-	-	-	-	■	-
07/05/2013	-	-	-	-	-	-	-	-	-	-	-	-	■	-	-	-	-	-	-	-	-	-	-	-	-	-	■	■	-	-	-	-	-	-	-	-	-	-	-	-	-	■	■	-	-	-	-	-	-	-
10/05/2013	■	-	-	-	-	-	-	-	-	-	-	-	-	-	-	-	-	-	-	-	-	-	-	-	-	-	-	-	-	-	-	■	-	-	■	-	-	-	-	-	-	-	-	-	■	-	-	■	-	-
14/05/2013	-	-	-	-	-	-	■	■	-	-	-	-	-	-	-	-	-	-	-	-	-	-	-	■	-	-	■	-	-	-	-	-	-	-	-	■	-	-	-	-	-	-	-	-	-	-	-	-	-	-
17/05/2013	-	-	-	-	-	■	-	-	-	-	-	-	-	-	-	-	-	-	-	■	-	-	-	■	■	-	-	-	-	-	-	-	-	-	-	-	-	-	-	-	-	-	-	-	-	-	-	-	-	■
21/05/2013	-	-	-	-	-	-	■	■	-	-	-	-	-	-	-	-	-	-	■	-	-	-	-	-	-	-	-	■	■	-	-	-	-	-	-	-	-	-	-	-	-	-	-	-	-	-	-	-	-	-
24/05/2013	-	-	-	-	-	-	■	-	-	-	-	-	-	-	-	-	■	-	-	-	-	■	-	-	-	-	■	-	-	-	-	-	-	-	-	-	-	-	-	■	-	-	-	-	-	-	-	-	-	-
28/05/2013	-	-	-	-	-	-	-	■	-	-	-	-	■	-	-	-	-	-	-	-	-	-	-	-	-	■	-	-	-	-	-	-	-	■	-	-	-	■	-	-	-	-	-	-	-	-	-	-	-	-
31/05/2013	-	-	-	-	-	-	-	-	-	-	-	-	-	-	-	-	-	-	-	-	-	-	-	-	-	-	■	■	■	-	-	-	-	■	-	-	-	-	-	-	-	-	■	-	-	-	-	-	-	-
04/06/2013	-	-	-	-	-	-	-	-	-	-	-	-	-	-	-	-	-	-	-	-	-	-	-	-	-	-	-	-	-	-	■	-	■	■	-	-	■	-	-	■	-	-	-	-	-	-	-	-	-	-
07/06/2013	-	-	-	-	-	-	■	-	-	-	-	-	-	■	-	-	-	-	-	-	-	-	-	-	-	■	-	-	-	-	-	-	-	-	-	-	-	-	-	-	-	-	-	-	■	-	-	-	-	■
11/06/2013	-	-	-	-	■	-	■	-	■	-	-	-	-	-	-	-	-	-	-	-	-	-	-	-	■	-	-	-	-	-	-	-	-	-	-	-	-	-	-	-	■	-	-	-	-	-	-	-	-	-
14/06/2013	-	-	-	-	-	-	-	-	-	■	-	-	-	-	-	-	-	-	-	-	-	-	-	-	■	-	-	-	-	-	-	-	-	-	-	-	-	-	-	-	■	-	-	-	-	-	■	■	-	-
18/06/2013	-	-	-	-	-	-	-	-	-	-	-	-	-	-	-	-	■	-	-	-	-	-	-	■	-	-	-	-	-	-	-	-	■	-	-	-	-	-	-	-	■	-	-	■	-	-	-	-	-	-
21/06/2013	-	-	-	-	-	-	-	-	-	■	■	-	-	-	-	-	-	-	-	-	-	-	-	-	-	-	-	-	-	■	-	-	-	-	-	■	-	-	-	-	-	-	-	-	■	-	-	-	-	-
25/06/2013	-	-	-	■	■	-	-	-	-	-	-	-	■	-	-	-	-	-	-	-	-	-	-	-	-	-	■	-	-	-	-	-	-	-	■	-	-	-	-	-	-	-	-	-	-	-	-	-	-	-
28/06/2013	■	-	-	-	-	-	-	-	-	-	-	-	-	-	■	-	-	-	-	-	-	-	-	-	-	-	-	■	-	-	-	-	-	-	■	-	-	-	-	-	-	-	-	-	-	-	■	-	-	-
02/07/2013	-	-	-	-	-	-	-	-	-	-	■	-	■	■	-	-	-	-	-	-	-	-	-	-	-	-	-	■	-	■	-	-	-	-	-	-	-	-	-	-	-	-	-	-	-	-	-	-	-	-
05/07/2013	-	-	-	■	-	-	-	-	-	-	-	■	-	-	■	-	-	-	-	-	-	-	-	-	-	-	-	■	-	-	-	-	■	-	-	-	-	-	-	-	-	-	-	-	-	-	-	-	-	-
09/07/2013	-	-	-	-	-	-	-	-	-	-	-	-	-	-	-	■	-	■	-	-	-	-	-	-	-	-	-	-	-	-	■	-	-	-	-	-	-	■	-	-	-	-	-	-	-	-	-	-	■	-
12/07/2013	-	-	-	-	-	-	-	-	-	-	-	-	-	-	-	-	-	■	-	-	-	-	-	-	-	■	-	-	-	-	-	■	■	-	-	-	-	-	-	-	-	■	-	-	-	-	-	-	-	-
16/07/2013	-	-	-	-	-	-	-	-	-	-	-	-	-	-	-	-	-	-	■	-	-	-	■	-	-	-	-	-	-	-	-	-	-	■	-	-	-	-	-	-	-	-	-	-	-	-	■	-	-	■
19/07/2013	-	-	-	-	-	-	-	-	-	-	-	-	■	-	-	■	-	-	-	-	-	-	-	■	-	■	-	-	-	-	-	-	-	-	■	-	-	-	-	-	-	-	-	-	-	-	-	-	-	-
23/07/2013	-	-	-	-	-	-	-	-	-	-	-	-	-	■	■	■	-	-	■	-	-	-	-	-	-	-	-	-	-	-	-	-	-	-	-	-	-	-	-	-	-	-	-	■	-	-	-	-	-	-
26/07/2013	-	-	-	-	-	-	-	-	-	-	-	■	-	-	-	-	-	-	-	-	-	-	■	-	-	-	-	-	■	-	-	-	-	-	-	-	-	■	-	-	-	-	-	-	-	-	-	-	■	-
30/07/2013	-	-	■	■	-	-	-	-	-	-	■	-	-	■	-	-	-	-	-	-	-	-	-	-	-	-	-	-	-	-	-	-	-	-	-	-	-	-	-	-	-	-	■	-	-	-	-	-	-	-
02/08/2013	-	-	-	-	-	-	-	-	-	-	-	-	-	-	-	-	-	-	-	-	■	-	-	-	-	-	-	-	-	-	-	-	-	-	-	■	■	-	-	-	-	■	-	-	-	-	-	■	-	-
06/08/2013	-	-	-	-	-	-	-	-	-	-	-	-	-	-	-	■	■	-	-	-	-	-	-	-	-	-	-	-	-	-	■	-	-	-	-	-	-	-	-	-	-	-	-	-	-	-	■	-	■	-
09/08/2013	-	-	-	■	-	-	■	-	■	-	-	-	-	-	-	-	-	-	-	-	-	-	■	■	-	-	-	-	-	-	-	-	-	-	-	-	-	-	-	-	-	-	-	-	-	-	-	-	-	-
13/08/2013	-	-	-	-	■	-	-	-	-	-	-	-	-	-	-	-	■	-	-	■	-	-	-	-	-	-	-	-	-	-	-	-	-	-	-	-	-	-	-	-	-	-	-	-	-	-	■	-	-	■
16/08/2013	-	-	-	-	-	-	-	-	-	-	-	-	-	-	-	-	-	-	-	■	-	-	-	■	-	-	■	-	-	-	-	-	-	-	-	-	■	-	■	-	-	-	-	-	-	-	-	-	-	-
20/08/2013	-	-	-	-	■	-	-	-	-	-	■	-	-	-	-	-	-	-	-	-	-	-	-	-	-	-	-	-	-	-	-	-	-	-	-	-	-	-	-	-	-	■	-	-	-	-	-	-	■	■
23/08/2013	■	-	-	-	-	■	-	-	-	-	-	-	-	-	-	-	-	-	-	-	-	-	-	-	-	■	-	-	-	■	-	-	-	-	-	-	■	-	-	-	-	-	-	-	-	-	-	-	-	-
27/08/2013	-	-	-	-	-	-	■	-	-	-	-	-	-	-	-	-	-	-	-	-	-	-	-	-	-	-	-	-	-	■	-	-	-	-	-	-	-	■	-	■	-	-	■	-	-	-	-	-	-	-
30/08/2013	-	■	-	-	-	-	-	-	-	-	-	-	-	-	-	-	■	-	-	-	-	-	-	-	■	-	-	-	-	-	-	-	-	-	-	■	-	-	-	-	-	-	-	-	■	-	-	-	-	-
03/09/2013	-	-	-	-	■	-	-	-	■	-	-	-	-	-	-	■	-	■	-	-	-	-	-	-	-	-	-	-	-	-	-	-	-	-	-	-	-	-	-	-	-	■	-	-	-	-	-	-	-	-
06/09/2013	-	-	-	-	-	-	-	-	-	-	■	-	-	-	-	-	-	-	-	-	-	-	■	-	■	-	-	-	-	-	-	■	-	-	-	-	■	-	-	-	-	-	-	-	-	-	-	-	-	-
10/09/2013	-	-	-	-	-	-	■	-	-	-	■	-	-	■	-	-	-	-	-	-	-	-	-	-	-	-	-	■	-	■	-	-	-	-	-	-	-	-	-	-	-	-	-	-	-	-	-	-	-	-
13/09/2013	-	-	-	■	-	■	-	-	-	-	-	-	-	■	-	-	-	-	-	-	-	-	-	-	-	-	■	-	-	-	-	-	■	-	-	-	-	-	-	-	-	-	-	-	-	-	-	-	-	-
17/09/2013	-	-	-	-	-	-	-	-	-	-	-	-	■	-	-	-	■	-	-	-	■	-	-	-	-	-	-	-	-	-	-	-	-	-	-	-	-	-	-	-	-	■	-	■	-	-	-	-	-	-
20/09/2013	-	-	-	-	■	-	-	-	-	-	■	-	-	-	-	-	-	-	-	-	-	-	-	-	-	-	-	-	-	-	-	-	-	-	■	-	-	■	-	-	-	-	-	-	■	-	-	-	-	-
24/09/2013	-	-	-	-	-	-	-	-	-	■	-	-	-	-	-	-	-	-	-	■	-	-	-	-	-	■	-	■	-	-	-	-	-	-	-	-	-	-	-	-	-	-	■	-	-	-	-	-	-	-
27/09/2013	-	-	-	-	-	-	-	-	-	-	■	-	-	-	■	-	-	-	-	-	-	-	-	-	-	-	-	-	-	-	-	-	-	-	-	-	-	■	-	-	■	-	■	-	-	-	-	-	-	-
01/10/2013	-	-	-	-	-	-	-	-	-	-	-	-	-	-	-	-	-	-	■	-	-	-	■	-	■	-	-	-	-	-	-	-	-	-	-	-	-	-	-	-	-	-	-	■	-	-	-	■	-	-
04/10/2013	-	-	-	-	-	■	-	-	-	-	-	-	-	-	-	-	-	-	-	■	-	-	-	■	-	-	-	-	-	-	-	-	-	-	■	-	-	-	-	-	-	-	-	-	-	-	-	-	-	■
08/10/2013	-	-	-	-	-	-	-	-	-	-	-	-	-	-	-	-	-	-	-	-	-	-	■	■	-	■	-	-	-	-	-	-	■	-	-	-	-	-	-	-	-	■	-	-	-	-	-	-	-	-
11/10/2013	-	-	-	-	-	■	-	-	-	-	-	■	-	-	-	-	■	-	-	-	-	-	■	-	-	-	-	-	-	-	-	-	-	-	-	-	-	-	-	-	-	-	■	-	-	-	-	-	-	-
15/10/2013	-	-	-	-	-	-	-	-	-	-	-	-	-	-	-	-	-	■	-	-	-	-	-	-	-	-	■	-	-	-	-	-	-	-	-	-	-	-	■	-	-	-	■	-	-	-	■	-	-	-
18/10/2013	-	-	-	-	■	-	-	-	-	-	-	-	-	-	-	-	-	-	-	-	-	-	-	-	■	-	-	-	-	-	-	-	-	-	-	■	-	-	-	-	-	-	-	-	-	■	■	-	-	-
22/10/2013	-	-	-	-	-	-	-	-	-	-	-	-	-	-	-	-	-	-	-	-	-	-	-	-	-	-	-	-	■	-	-	-	■	-	-	-	-	-	■	-	■	-	-	■	-	-	-	-	-	-
25/10/2013	-	■	■	-	-	-	-	-	-	■	-	-	-	-	-	-	-	-	-	-	-	-	-	-	-	-	-	-	-	-	■	-	-	-	-	-	-	■	-	-	-	-	-	-	-	-	-	-	-	-
29/10/2013	-	-	-	-	-	-	-	-	■	■	-	-	-	-	-	-	-	-	-	-	-	-	-	-	-	-	-	-	-	■	-	■	-	-	-	-	■	-	-	-	-	-	-	-	-	-	-	-	-	-
01/11/2013	-	-	-	-	-	-	■	-	-	-	-	-	-	-	-	-	-	-	■	-	-	-	-	-	-	-	-	-	■	■	-	-	■	-	-	-	-	-	-	-	-	-	-	-	-	-	-	-	-	-
05/11/2013	-	-	-	-	-	■	-	-	-	-	-	■	■	-	-	-	-	-	-	-	-	-	-	-	-	-	-	-	-	-	-	-	-	-	■	-	-	■	-	-	-	-	-	-	-	-	-	-	-	-
08/11/2013	-	-	-	-	-	-	-	-	-	-	-	-	-	-	-	-	-	-	-	■	-	-	-	-	-	-	-	■	-	-	-	-	-	-	■	-	-	-	-	-	-	■	■	-	-	-	-	-	-	-
